time_ms,depth_m,pa
4603,0.551,101612.7
4807,0.620,102288.0
5419,0.826,104314.0
5827,0.964,105664.7
6439,1.171,107690.7
7051,1.377,109716.7
7459,1.515,111067.3
8071,1.722,113093.3
8683,1.928,115119.3
9091,2.066,116470.0
10315,2.548,121197.3
11335,2.892,124574.0
11947,3.099,126600.0
12355,3.237,127950.7
12967,3.443,129976.7
13579,3.650,132002.7
13987,3.788,133353.3
14599,3.994,135379.3
15211,4.201,137405.3
15619,4.338,138756.0
16231,4.545,140782.0
16843,4.752,142808.0
17251,4.889,144158.7
17863,5.096,146184.7
18475,5.303,148210.7
18883,5.440,149561.3
19495,5.716,152262.7
20107,5.922,154288.7
20515,6.060,155639.3
21739,6.473,159691.3
22147,6.611,161042.0
22759,6.818,163068.0
23371,7.024,165094.0
23779,7.162,166444.7
25003,7.575,170496.7
26635,8.126,175899.3
27043,8.264,177250.0
28267,8.677,181302.0
29287,9.021,184678.7
29899,9.297,187380.0
30919,9.641,190756.7
31531,9.848,192782.7
32551,10.192,196159.3
33163,10.399,198185.3
33775,10.605,200211.3
34387,10.812,202237.3
34795,10.950,203588.0
35611,11.225,206289.3
36835,11.638,210341.3
37855,11.982,213718.0
39079,12.396,217770.0
40303,12.878,222497.3
40915,13.084,224523.3
41323,13.222,225874.0
42139,13.498,228575.3
43363,13.911,232627.3
43771,14.048,233978.0
44587,14.324,236679.3
45607,14.668,240056.0
46831,15.081,244108.0
47443,15.288,246134.0
48055,15.495,248160.0
48667,15.701,250186.0
49075,15.839,251536.7
49891,16.114,254238.0
50299,16.321,256264.0
51115,16.596,258965.3
51523,16.734,260316.0
53359,17.354,266394.0
53971,17.561,268420.0
54583,17.767,270446.0
55195,17.974,272472.0
56419,18.387,276524.0
56827,18.525,277874.7
57643,18.800,280576.0
58051,18.938,281926.7
58663,19.144,283952.7
59275,19.351,285978.7
60499,19.833,290706.0
61111,20.040,292732.0
61723,20.246,294758.0
62131,20.384,296108.7
63359,20.797,300160.7
64812,21.279,304888.0
65424,21.486,306914.0
66648,21.899,310966.0
67056,22.037,312316.7
67872,22.312,315018.0
68280,22.450,316368.7
68892,22.657,318394.7
70116,23.139,323122.0
70728,23.345,325148.0
71952,23.758,329200.0
72360,23.896,330550.7
73176,24.172,333252.0
73584,24.309,334602.7
74400,24.585,337304.0
75420,24.929,340680.7
76032,25.136,342706.7
77256,25.549,346758.7
78480,25.962,350810.7
78888,26.100,352161.3
79704,26.444,355538.0
80112,26.582,356888.7
80928,26.857,359590.0
81336,26.995,360940.7
82152,27.270,363642.0
82560,27.408,364992.7
83172,27.615,367018.7
84396,28.028,371070.7
85620,28.441,375122.7
86232,28.648,377148.7
87456,29.061,381200.7
87864,29.199,382551.3
88680,29.474,385252.7
89088,29.612,386603.3
89700,29.887,389304.7
90312,30.094,391330.7
92148,30.714,397408.7
92760,30.920,399434.7
93168,31.058,400785.3
93984,31.333,403486.7
94392,31.471,404837.3
95208,31.747,407538.7
96432,32.160,411590.7
96840,32.298,412941.3
98064,32.711,416993.3
98676,32.917,419019.3
99288,33.124,421045.3
99696,33.331,423071.3
100512,33.606,425772.7
100920,33.744,427123.3
101736,34.019,429824.7
102960,34.432,433876.7
103368,34.570,435227.3
103980,34.777,437253.3
104592,34.983,439279.3
105816,35.397,443331.3
106428,35.603,445357.3
107040,35.810,447383.3
107448,35.947,448734.0
108264,36.223,451435.3
108672,36.361,452786.0
109488,36.636,455487.3
109896,36.843,457513.3
110712,37.118,460214.7
111120,37.256,461565.3
112344,37.669,465617.3
112956,37.876,467643.3
113568,38.082,469669.3
113976,38.220,471020.0
114792,38.495,473721.3
116016,38.909,477773.3
116424,39.046,479124.0
117240,39.322,481825.3
117648,39.460,483176.0
118260,39.666,485202.0
118872,39.873,487228.0
120096,40.355,491955.3
120708,40.561,493981.3
121320,40.768,496007.3
121728,40.906,497358.0
122544,41.181,500059.3
122952,41.319,501410.0
123793,41.594,504111.3
125017,42.008,508163.3
126241,42.421,512215.3
127261,42.765,515592.0
127873,42.972,517618.0
128485,43.178,519644.0
129097,43.454,522345.3
129709,43.660,524371.4
130321,43.867,526397.4
130933,44.073,528423.4
131545,44.280,530449.4
132769,44.693,534501.3
133993,45.106,538553.4
134401,45.244,539904.0
135013,45.451,541930.0
138073,46.484,552060.0
138481,46.621,553410.7
139297,46.966,556787.4
140521,47.379,560839.3
140929,47.517,562190.0
141541,47.723,564216.0
142153,47.930,566242.0
142765,48.137,568268.0
143377,48.343,570294.0
143989,48.550,572320.0
144601,48.756,574346.0
145009,48.894,575696.6
145825,49.169,578398.0
146233,49.307,579748.6
147049,49.583,582450.0
147457,49.720,583800.7
148069,49.927,585826.6
148681,50.134,587852.6
149293,50.409,590554.0
150517,50.822,594606.0
151129,51.029,596632.0
151741,51.235,598658.0
152353,51.442,600684.0
152761,51.580,602034.6
153581,51.653,602752.4
153989,51.656,602780.8
154397,51.659,602809.0
154805,51.662,602837.2
155213,51.664,602865.6
155417,51.666,602879.8
155825,51.669,602908.0
156233,51.672,602936.3
156641,51.675,602964.6
157049,51.677,602992.8
157457,51.680,603021.1
157865,51.683,603049.4
158273,51.686,603077.6
158681,51.689,603105.9
159089,51.692,603134.2
159497,51.696,603176.6
159905,51.699,603204.9
160313,51.702,603233.1
160721,51.705,603261.3
161129,51.708,603289.6
161537,51.711,603317.9
161945,51.713,603346.1
162353,51.716,603374.2
162761,51.719,603402.6
163169,51.722,603430.8
163577,51.725,603458.9
163985,51.728,603487.1
164393,51.731,603515.4
164801,51.734,603543.5
165209,51.736,603571.8
165617,51.739,603599.9
166025,51.742,603628.1
166433,51.745,603656.2
166841,51.748,603684.5
167249,51.751,603712.6
167657,51.754,603740.8
168065,51.757,603768.9
168473,51.759,603797.0
168881,51.762,603825.1
169289,51.765,603853.2
169697,51.769,603895.4
170105,51.772,603923.4
170513,51.775,603951.6
170921,51.778,603979.6
171329,51.781,604007.7
171737,51.784,604035.8
172145,51.787,604063.8
172553,51.790,604091.8
172961,51.792,604119.8
173369,51.795,604147.8
173777,51.798,604175.9
174185,51.801,604203.8
174593,51.804,604231.8
175001,51.807,604259.8
175409,51.810,604287.8
175817,51.812,604315.6
176225,51.815,604343.6
176633,51.818,604371.5
177041,51.821,604399.4
177449,51.824,604427.2
177857,51.827,604455.1
178265,51.829,604483.0
178673,51.832,604510.8
179081,51.835,604538.6
179897,51.842,604608.1
180101,51.844,604622.0
180509,51.846,604649.8
180917,51.849,604677.6
181325,51.852,604705.4
181937,51.856,604746.9
182345,51.859,604774.6
182753,51.862,604802.4
183161,51.865,604830.0
183569,51.868,604857.6
183977,51.870,604885.2
184385,51.873,604912.9
184793,51.876,604940.5
185201,51.879,604968.1
185609,51.882,604995.6
186017,51.885,605023.2
186425,51.887,605050.8
186833,51.890,605078.2
187241,51.893,605105.8
187649,51.896,605133.2
188057,51.899,605160.7
188465,51.901,605188.1
188873,51.904,605215.5
189281,51.907,605242.9
189689,51.910,605270.4
190097,51.914,605311.4
190505,51.917,605338.7
190913,51.919,605366.0
191321,51.922,605393.2
191729,51.925,605420.6
192137,51.928,605447.8
192545,51.931,605475.0
192953,51.933,605502.2
193361,51.936,605529.4
193769,51.939,605556.5
194177,51.942,605583.7
194585,51.944,605610.8
194993,51.947,605637.9
195809,51.953,605692.0
196217,51.955,605719.0
196625,51.958,605746.0
197033,51.961,605773.0
197441,51.964,605800.0
197849,51.966,605826.9
198257,51.969,605853.8
198665,51.972,605880.6
199073,51.975,605907.5
199481,51.977,605934.3
199889,51.980,605961.1
200297,51.984,606001.4
200705,51.987,606028.0
201113,51.990,606054.8
201521,51.992,606081.5
201929,51.995,606108.1
202337,51.998,606134.8
202745,52.001,606161.4
203153,52.003,606188.0
203561,52.006,606214.5
203969,52.009,606241.1
204377,52.011,606267.6
205193,52.017,606320.4
205397,52.018,606333.7
205805,52.021,606360.1
206213,52.024,606386.4
206621,52.026,606412.8
207029,52.029,606439.1
207437,52.032,606465.4
207845,52.034,606491.6
208253,52.037,606517.9
208661,52.040,606544.1
209069,52.042,606570.2
209477,52.045,606596.4
209885,52.048,606622.5
210293,52.052,606661.6
210905,52.056,606700.6
211313,52.058,606726.6
211721,52.061,606752.6
212129,52.063,606778.5
212537,52.066,606804.4
212945,52.069,606830.2
213353,52.071,606856.1
213761,52.074,606881.9
214169,52.077,606907.6
214577,52.079,606933.4
214985,52.082,606959.0
215393,52.085,606984.7
215597,52.086,606997.6
216005,52.088,607023.1
216413,52.091,607048.8
216821,52.094,607074.2
217229,52.096,607099.8
217637,52.099,607125.2
218045,52.101,607150.6
218453,52.104,607176.1
218861,52.107,607201.5
219269,52.109,607226.8
219677,52.112,607252.1
220085,52.114,607277.4
220493,52.118,607315.2
220901,52.121,607340.4
221309,52.123,607365.6
221717,52.126,607390.7
222125,52.128,607415.8
222533,52.131,607440.8
222941,52.134,607465.8
223349,52.136,607490.8
223757,52.139,607515.6
224165,52.141,607540.5
224573,52.144,607565.4
224981,52.146,607590.2
225389,52.149,607614.9
225797,52.151,607639.7
226205,52.154,607664.4
226613,52.156,607689.0
227021,52.159,607713.6
227429,52.161,607738.2
227837,52.164,607762.8
228245,52.166,607787.2
228653,52.169,607811.8
229061,52.171,607836.1
229469,52.174,607860.5
229877,52.176,607884.8
230285,52.179,607909.1
230693,52.182,607945.5
231101,52.185,607969.8
231509,52.187,607993.9
231917,52.190,608018.0
232325,52.192,608042.1
232733,52.195,608066.1
233141,52.197,608090.1
233549,52.200,608114.0
233957,52.202,608137.9
234365,52.205,608161.8
234773,52.207,608185.6
235181,52.209,608209.4
235589,52.212,608233.1
235997,52.214,608256.8
236405,52.217,608280.5
236813,52.219,608304.0
237221,52.221,608327.6
237629,52.224,608351.1
238037,52.226,608374.6
238445,52.229,608398.1
238853,52.231,608421.4
239261,52.233,608444.8
239669,52.236,608468.1
240077,52.238,608491.4
240281,52.239,608502.9
240689,52.242,608526.1
241097,52.245,608560.9
241505,52.248,608583.9
242525,52.253,608641.4
242933,52.256,608664.2
243341,52.258,608687.1
243749,52.260,608710.0
244157,52.263,608732.8
244565,52.265,608755.4
244973,52.267,608778.1
245381,52.270,608800.8
245789,52.272,608823.3
246197,52.274,608845.8
246605,52.277,608868.4
247013,52.279,608890.8
247421,52.281,608913.1
247829,52.283,608935.5
248237,52.286,608957.8
248645,52.288,608980.1
249053,52.290,609002.2
249461,52.293,609024.4
249869,52.295,609046.5
250277,52.297,609068.5
250685,52.299,609090.5
251093,52.303,609123.4
251501,52.305,609145.3
251909,52.307,609167.1
252317,52.309,609188.9
252725,52.312,609210.6
253133,52.314,609232.2
253541,52.316,609253.9
253949,52.318,609275.4
254357,52.320,609297.0
254765,52.322,609318.4
255173,52.325,609339.9
255581,52.327,609361.2
255989,52.329,609382.5
256193,52.330,609393.1
256601,52.332,609414.4
257009,52.334,609435.6
257417,52.337,609456.7
257825,52.339,609477.8
258233,52.341,609498.8
258641,52.343,609519.8
259049,52.345,609540.7
259457,52.347,609561.6
259865,52.349,609582.4
260477,52.353,609613.5
260885,52.355,609634.1
261293,52.358,609665.1
261701,52.360,609685.6
262109,52.362,609706.1
262517,52.364,609726.5
262925,52.366,609746.9
263333,52.368,609767.2
263741,52.370,609787.5
264149,52.372,609807.6
264557,52.374,609827.9
264965,52.376,609847.9
265373,52.379,609868.0
265781,52.381,609888.0
265985,52.382,609897.9
266393,52.384,609917.9
266801,52.386,609937.8
267209,52.388,609957.5
267617,52.390,609977.2
268025,52.392,609996.9
268433,52.394,610016.5
268841,52.396,610036.1
269249,52.398,610055.6
269657,52.400,610075.0
270065,52.402,610094.5
270473,52.404,610113.8
270881,52.406,610133.1
271289,52.408,610152.2
271697,52.410,610181.0
272105,52.412,610200.1
272513,52.414,610219.1
272921,52.416,610238.1
273329,52.418,610257.0
273737,52.420,610275.8
274145,52.422,610294.6
274553,52.424,610313.2
274961,52.426,610331.9
275369,52.428,610350.5
275777,52.430,610369.1
276185,52.432,610387.6
276593,52.433,610406.0
277001,52.435,610424.4
277409,52.437,610442.7
277817,52.439,610460.9
278225,52.441,610479.1
278633,52.443,610497.2
279041,52.445,610515.3
279449,52.446,610533.3
279857,52.448,610551.2
280265,52.450,610569.1
280673,52.452,610586.9
281081,52.454,610604.7
281489,52.455,610622.4
281897,52.458,610648.8
282305,52.460,610666.4
282713,52.462,610683.9
283121,52.464,610701.2
283529,52.465,610718.6
283937,52.467,610735.9
284345,52.469,610753.1
284753,52.471,610770.3
285161,52.472,610787.4
285569,52.474,610804.4
285977,52.476,610821.4
286385,52.477,610838.4
286793,52.479,610855.2
287201,52.481,610872.0
287609,52.483,610888.8
288017,52.484,610905.4
288425,52.486,610921.9
288833,52.488,610938.5
289241,52.489,610954.9
289649,52.491,610971.4
290057,52.493,610987.6
290465,52.494,611004.0
290873,52.496,611020.1
291077,52.497,611028.2
291485,52.498,611044.4
291893,52.501,611068.4
292301,52.503,611084.4
292709,52.504,611100.2
293117,52.506,611116.0
293525,52.507,611131.8
293933,52.509,611147.5
294341,52.511,611163.1
294749,52.512,611178.6
295157,52.514,611194.1
295565,52.515,611209.6
295973,52.517,611225.0
296381,52.518,611240.2
296789,52.520,611255.4
297197,52.522,611270.6
297605,52.523,611285.7
298013,52.525,611300.8
298421,52.526,611315.8
298829,52.528,611330.6
299237,52.529,611345.4
299645,52.531,611360.1
300053,52.532,611374.8
300461,52.534,611389.4
300869,52.535,611404.0
301277,52.537,611418.5
301685,52.538,611432.9
302093,52.540,611454.4
302501,52.542,611468.6
302909,52.543,611482.9
303317,52.545,611497.0
303725,52.546,611511.0
304133,52.548,611525.0
304541,52.549,611538.9
304949,52.550,611552.7
305561,52.552,611573.4
305969,52.554,611587.0
306377,52.555,611600.6
306581,52.556,611607.4
306989,52.557,611620.9
307397,52.559,611634.2
307805,52.560,611647.6
308213,52.561,611660.9
308621,52.563,611674.1
309029,52.564,611687.2
309437,52.565,611700.3
309845,52.567,611713.3
310253,52.568,611726.2
310661,52.569,611739.1
311069,52.571,611751.9
311477,52.572,611764.6
311885,52.573,611777.2
312293,52.575,611796.1
312701,52.576,611808.6
313109,52.578,611821.0
313517,52.579,611833.2
313925,52.580,611845.5
314333,52.581,611857.8
314741,52.583,611869.9
315149,52.584,611881.9
315557,52.585,611893.9
315965,52.586,611905.8
316373,52.588,611917.6
316781,52.589,611929.4
317189,52.590,611941.1
317597,52.591,611952.6
318005,52.592,611964.2
318413,52.593,611975.6
318821,52.595,611987.1
319229,52.596,611998.4
319637,52.597,612009.6
320045,52.598,612020.8
320453,52.599,612031.9
320861,52.600,612043.0
321677,52.603,612064.9
321881,52.603,612070.2
322289,52.604,612081.0
322697,52.606,612097.1
323105,52.607,612107.6
323513,52.608,612118.2
323921,52.609,612128.6
324329,52.610,612139.0
324737,52.611,612149.3
325145,52.612,612159.6
325553,52.613,612169.8
325961,52.614,612179.8
326369,52.615,612189.8
326777,52.616,612199.8
327185,52.617,612209.6
327593,52.618,612219.4
328001,52.619,612229.1
328409,52.620,612238.8
328817,52.621,612248.2
329225,52.622,612257.8
329633,52.623,612267.1
330041,52.624,612276.5
330449,52.625,612285.8
330857,52.626,612295.0
331265,52.627,612304.1
331673,52.628,612313.1
332081,52.629,612322.1
332489,52.630,612331.0
332897,52.631,612344.2
333305,52.632,612352.9
333713,52.633,612361.5
334121,52.634,612370.1
334529,52.635,612378.6
334937,52.635,612387.0
335345,52.636,612395.2
335753,52.637,612403.6
336161,52.638,612411.8
336569,52.639,612419.8
336773,52.639,612423.9
337181,52.640,612431.8
337589,52.641,612439.8
337997,52.642,612447.6
338405,52.642,612455.3
338813,52.643,612463.0
339221,52.644,612470.6
339629,52.645,612478.1
340037,52.645,612485.6
340445,52.646,612493.0
340853,52.647,612500.2
341261,52.648,612507.5
341669,52.648,612514.6
342077,52.649,612521.8
342485,52.650,612528.8
343505,52.652,612549.2
343913,52.653,612556.0
344321,52.653,612562.6
344729,52.654,612569.1
345137,52.655,612575.6
345545,52.655,612581.9
345953,52.656,612588.2
346361,52.657,612594.5
346565,52.657,612597.6
346973,52.657,612603.6
347381,52.658,612609.7
347789,52.659,612615.7
348197,52.659,612621.5
348605,52.660,612627.4
349013,52.660,612633.1
349421,52.661,612638.8
349829,52.662,612644.3
350237,52.662,612649.8
350645,52.663,612655.2
351053,52.663,612660.5
351461,52.664,612665.9
351869,52.664,612671.0
352277,52.665,612676.1
352685,52.665,612681.1
353093,52.666,612688.6
353501,52.667,612693.4
353909,52.667,612698.1
354317,52.668,612702.8
354725,52.668,612707.4
355133,52.669,612711.9
355541,52.669,612716.4
355949,52.669,612720.8
356357,52.670,612725.0
356765,52.670,612729.2
357173,52.671,612733.4
357581,52.671,612737.5
357989,52.672,612741.4
358397,52.672,612745.3
358805,52.672,612749.1
359213,52.673,612752.9
359621,52.673,612756.5
360029,52.673,612760.1
360437,52.674,612763.6
360845,52.674,612767.1
361253,52.675,612770.4
361457,52.675,612772.1
361865,52.675,612775.2
362273,52.675,612778.5
362681,52.676,612781.5
363090,52.676,612784.5
363701,52.677,612790.2
364109,52.677,612793.0
364517,52.677,612795.8
364925,52.677,612798.4
365333,52.678,612800.8
365741,52.678,612803.2
366149,52.678,612805.6
366557,52.678,612807.9
366965,52.679,612810.1
367373,52.679,612812.2
367577,52.679,612813.3
367985,52.679,612815.2
368393,52.679,612817.2
368801,52.679,612819.1
369209,52.680,612820.9
369617,52.680,612822.6
370025,52.680,612824.2
370433,52.680,612825.8
370841,52.680,612827.2
371249,52.680,612828.6
371657,52.681,612829.9
372065,52.681,612831.1
372473,52.681,612832.2
372881,52.681,612833.4
373289,52.681,612834.3
373697,52.681,612835.6
374105,52.681,612836.4
374513,52.681,612837.1
374921,52.681,612837.8
375329,52.681,612838.4
375737,52.681,612838.8
376145,52.682,612839.2
376553,52.682,612839.5
376961,52.682,612839.8
377369,52.682,612839.9
377777,52.682,612840.0
378185,52.682,612840.0
378593,52.682,612839.9
379001,52.682,612839.8
379409,52.682,612839.5
379817,52.682,612839.2
380225,52.681,612838.8
380633,52.681,612838.4
381041,52.681,612837.8
381449,52.681,612837.1
381857,52.681,612836.4
382265,52.681,612835.6
382469,52.681,612835.2
382877,52.681,612834.3
383285,52.681,612833.4
383693,52.681,612831.8
384101,52.681,612830.5
384509,52.680,612829.2
384917,52.680,612827.9
385325,52.680,612826.5
385733,52.680,612825.0
386141,52.680,612823.4
386549,52.680,612821.8
386957,52.680,612820.0
387365,52.679,612818.2
387773,52.679,612816.3
388181,52.679,612814.4
388589,52.679,612812.2
388997,52.679,612810.1
389405,52.678,612807.9
389813,52.678,612805.6
390221,52.678,612803.2
390629,52.678,612800.8
391037,52.677,612798.4
391445,52.677,612795.8
391853,52.677,612793.0
392261,52.677,612790.2
392669,52.676,612787.4
393077,52.676,612784.5
393485,52.676,612781.5
393893,52.675,612776.9
394301,52.675,612773.7
394709,52.675,612770.4
395117,52.674,612767.1
395525,52.674,612763.6
395933,52.673,612760.1
396341,52.673,612756.5
396749,52.673,612752.9
397157,52.672,612749.1
397565,52.672,612745.3
397769,52.672,612743.4
398177,52.671,612739.5
398585,52.671,612735.4
398993,52.671,612731.3
399401,52.670,612727.1
399809,52.670,612722.9
400217,52.669,612718.6
400625,52.669,612714.1
401033,52.668,612709.7
401441,52.668,612705.1
401849,52.667,612700.5
402257,52.667,612695.8
402665,52.666,612691.0
403073,52.666,612686.1
403481,52.665,612681.1
403889,52.665,612676.1
404297,52.664,612668.4
404705,52.664,612663.2
405113,52.663,612657.9
405521,52.662,612652.5
405929,52.662,612647.1
406337,52.661,612641.5
406745,52.661,612635.9
407153,52.660,612630.2
407561,52.660,612624.5
407969,52.659,612618.6
408377,52.658,612612.8
408785,52.658,612606.8
409193,52.657,612600.6
409601,52.657,612594.5
410009,52.656,612588.2
410417,52.655,612581.9
410825,52.655,612575.6
411233,52.654,612569.1
411641,52.653,612562.6
412049,52.653,612556.0
412457,52.652,612549.2
412661,52.652,612545.9
413069,52.651,612539.1
413477,52.650,612532.2
413885,52.650,612525.2
414497,52.648,612511.1
414905,52.647,612503.9
415313,52.647,612496.7
415721,52.646,612489.3
416129,52.645,612481.9
416537,52.644,612474.4
416945,52.644,612466.9
417353,52.643,612459.2
417761,52.642,612451.4
418169,52.641,612443.6
418577,52.640,612435.8
418985,52.640,612427.9
419393,52.639,612419.8
419801,52.638,612411.8
420209,52.637,612403.6
420617,52.636,612395.2
421025,52.635,612387.0
421433,52.635,612378.6
422249,52.633,612361.5
422453,52.632,612357.2
422861,52.631,612348.6
423269,52.631,612339.8
423881,52.629,612326.6
424289,52.628,612317.6
424697,52.627,612304.1
425105,52.626,612295.0
425513,52.625,612285.8
425921,52.624,612276.5
426329,52.623,612267.1
426737,52.622,612257.8
427145,52.621,612248.2
427553,52.620,612238.8
427961,52.619,612229.1
428165,52.619,612224.2
428573,52.618,612214.5
428981,52.617,612204.7
429389,52.616,612194.8
429797,52.615,612184.8
430205,52.614,612174.8
430613,52.613,612164.6
431021,52.612,612154.4
431429,52.611,612144.2
431837,52.610,612133.9
432245,52.609,612123.4
432653,52.607,612113.0
433061,52.606,612102.4
433469,52.605,612091.8
433877,52.604,612081.0
434285,52.603,612070.2
434693,52.601,612054.0
435101,52.600,612043.0
435509,52.599,612031.9
435917,52.598,612020.8
436325,52.597,612009.6
436733,52.596,611998.4
437141,52.595,611987.1
437549,52.593,611975.6
437957,52.592,611964.2
438365,52.591,611952.6
438773,52.590,611941.1
439181,52.589,611929.4
439589,52.588,611917.6
439997,52.586,611905.8
440405,52.585,611893.9
440813,52.584,611881.9
441221,52.583,611869.9
441629,52.581,611857.8
442037,52.580,611845.5
442445,52.579,611833.2
442853,52.578,611821.0
443057,52.577,611814.8
443465,52.576,611802.4
443873,52.575,611789.9
444281,52.573,611777.2
444689,52.572,611764.6
445097,52.570,611745.5
445505,52.569,611732.7
445913,52.567,611719.8
446321,52.566,611706.9
446729,52.565,611693.8
447137,52.563,611680.8
447545,52.562,611667.5
447953,52.561,611654.2
448361,52.559,611640.9
448769,52.558,611627.6
449177,52.557,611614.1
449585,52.555,611600.6
449993,52.554,611587.0
450401,52.552,611573.4
450809,52.551,611559.6
451217,52.550,611545.8
451829,52.548,611525.0
452237,52.546,611511.0
452645,52.545,611497.0
452849,52.544,611489.9
453257,52.542,611475.8
453665,52.541,611461.5
454073,52.540,611447.2
454481,52.538,611432.9
454889,52.537,611418.5
455297,52.534,611396.8
455705,52.533,611382.2
456113,52.531,611367.5
456521,52.530,611352.8
456929,52.528,611338.0
457337,52.527,611323.1
457745,52.525,611308.2
458153,52.524,611293.2
458561,52.522,611278.1
458969,52.521,611263.1
459377,52.519,611247.9
459785,52.518,611232.6
460193,52.516,611217.2
460601,52.515,611201.9
461009,52.513,611186.4
461417,52.511,611170.9
461825,52.510,611155.2
462233,52.508,611139.6
462641,52.507,611123.9
463049,52.505,611108.1
463457,52.503,611092.3
463865,52.502,611076.4
464273,52.500,611060.4
464681,52.498,611044.4
465089,52.497,611028.2
465497,52.494,611004.0
465905,52.493,610987.6
466313,52.491,610971.4
466721,52.489,610954.9
467129,52.488,610938.5
467537,52.486,610921.9
467945,52.484,610905.4
468149,52.483,610897.0
468557,52.482,610880.3
468965,52.480,610863.6
469373,52.478,610846.8
469781,52.477,610829.9
470189,52.475,610812.9
470597,52.473,610795.9
471005,52.471,610778.9
471413,52.470,610761.8
471821,52.468,610744.5
472229,52.466,610727.2
472637,52.464,610709.9
473045,52.463,610692.5
473453,52.461,610675.1
473861,52.459,610657.6
474269,52.457,610640.0
474677,52.455,610622.4
475085,52.454,610604.7
475493,52.451,610578.1
476513,52.446,610533.3
477125,52.444,610506.2
477737,52.441,610479.1
477941,52.440,610470.0
478349,52.438,610451.8
478757,52.436,610433.6
479165,52.434,610415.2
479573,52.432,610396.8
479981,52.431,610378.4
480389,52.429,610359.9
480797,52.427,610341.2
481205,52.425,610322.6
481613,52.423,610303.9
482021,52.421,610285.2
482429,52.419,610266.4
482837,52.417,610247.5
483247,52.415,610228.6
483655,52.413,610209.6
484063,52.411,610190.5
484471,52.409,610171.5
484879,52.408,610152.2
485287,52.406,610133.1
485695,52.403,610104.1
486103,52.401,610084.8
486511,52.399,610065.3
486919,52.397,610045.9
487327,52.395,610026.3
487735,52.393,610006.8
488143,52.391,609987.1
488551,52.389,609967.4
488959,52.387,609947.6
489367,52.385,609927.8
489775,52.383,609907.9
490183,52.381,609888.0
490591,52.379,609868.0
490999,52.376,609847.9
491407,52.374,609827.9
491815,52.372,609807.6
492223,52.370,609787.5
492631,52.368,609767.2
493039,52.366,609746.9
493447,52.364,609726.5
493855,52.362,609706.1
494263,52.360,609685.6
494671,52.358,609665.1
495079,52.356,609644.5
495487,52.354,609623.8
495895,52.350,609592.8
496303,52.348,609571.9
496711,52.346,609551.1
497119,52.344,609530.2
497527,52.342,609509.2
497935,52.340,609488.2
498343,52.338,609467.2
498751,52.336,609446.1
499159,52.333,609425.0
499567,52.331,609403.8
499975,52.329,609382.5
500383,52.327,609361.2
500791,52.325,609339.9
501199,52.322,609318.4
501607,52.320,609297.0
502015,52.318,609275.4
502423,52.316,609253.9
502831,52.314,609232.2
503239,52.312,609210.6
503647,52.309,609188.9
504055,52.307,609167.1
504463,52.305,609145.3
504871,52.303,609123.4
505279,52.300,609101.5
505687,52.298,609079.5
506095,52.295,609046.5
506503,52.293,609024.4
506911,52.290,609002.2
507319,52.288,608980.1
507727,52.286,608957.8
507931,52.285,608946.6
508543,52.281,608913.1
508747,52.280,608902.0
508951,52.279,608890.8
509155,52.278,608879.6
509563,52.275,608857.1
509971,52.273,608834.6
510379,52.271,608812.0
510787,52.269,608789.4
511195,52.266,608766.8
511603,52.264,608744.1
512011,52.262,608721.3
512419,52.259,608698.6
512827,52.257,608675.7
513235,52.255,608652.8
513643,52.252,608629.9
514051,52.250,608606.9
514663,52.246,608572.4
515071,52.244,608549.2
515479,52.242,608526.1
515887,52.239,608502.9
516295,52.236,608468.1
516703,52.233,608444.8
517111,52.231,608421.4
517927,52.226,608374.6
518743,52.221,608327.6
518947,52.220,608315.9
519355,52.218,608292.2
519763,52.215,608268.6
520172,52.213,608245.0
520579,52.211,608221.2
520987,52.208,608197.5
521395,52.206,608173.7
521803,52.203,608149.9
522211,52.201,608126.0
522619,52.198,608102.1
523639,52.192,608042.1
524047,52.190,608018.0
524455,52.187,607993.9
524659,52.186,607981.8
525067,52.184,607957.6
525475,52.181,607933.4
525883,52.179,607909.1
526291,52.176,607884.8
526699,52.173,607848.2
527107,52.170,607823.9
527515,52.168,607799.4
527923,52.165,607775.0
528331,52.163,607750.5
528739,52.160,607725.9
529147,52.158,607701.4
529555,52.155,607676.7
529963,52.153,607652.0
530983,52.146,607590.2
531391,52.144,607565.4
531799,52.141,607540.5
532207,52.139,607515.6
532615,52.136,607490.8
533023,52.134,607465.8
533431,52.131,607440.8
533839,52.128,607415.8
534247,52.126,607390.7
534655,52.123,607365.6
535063,52.121,607340.4
535471,52.118,607315.2
535879,52.116,607290.0
536083,52.114,607277.4
536491,52.112,607252.1
536899,52.108,607214.1
537307,52.105,607188.8
537715,52.103,607163.4
538123,52.100,607138.0
538531,52.098,607112.5
538939,52.095,607087.0
539347,52.092,607061.5
539755,52.090,607035.9
540163,52.087,607010.4
540571,52.085,606984.7
540979,52.082,606959.0
541387,52.079,606933.4
541795,52.077,606907.6
542203,52.074,606881.9
542611,52.071,606856.1
543019,52.069,606830.2
543427,52.066,606804.4
544039,52.062,606765.5
544243,52.061,606752.6
544651,52.058,606726.6
545059,52.056,606700.6
545467,52.053,606674.6
545875,52.050,606648.6
546487,52.046,606609.4
546895,52.042,606570.2
547303,52.040,606544.1
547711,52.037,606517.9
548119,52.034,606491.6
548527,52.032,606465.4
548935,52.029,606439.1
549343,52.026,606412.8
549751,52.024,606386.4
550159,52.021,606360.1
550567,52.018,606333.7
550975,52.015,606307.2
551383,52.013,606280.8
551791,52.010,606254.2
552199,52.007,606227.8
552607,52.005,606201.2
553015,52.002,606174.6
553423,51.999,606148.1
553831,51.996,606121.4
554239,51.994,606094.8
554647,51.991,606068.1
555055,51.988,606041.4
555463,51.986,606014.7
555871,51.983,605987.9
556075,51.982,605974.5
556483,51.979,605947.8
556891,51.976,605920.9
557299,51.972,605880.6
557707,51.969,605853.8
558115,51.966,605826.9
558523,51.964,605800.0
558931,51.961,605773.0
559543,51.957,605732.5
559951,51.954,605705.6
560155,51.953,605692.0
561175,51.946,605624.4
561583,51.943,605597.2
561991,51.940,605570.1
562399,51.938,605542.9
562807,51.935,605515.8
563215,51.932,605488.6
563623,51.929,605461.4
564031,51.926,605434.1
564439,51.924,605406.9
564847,51.921,605379.6
565255,51.918,605352.3
565663,51.915,605325.0
566071,51.912,605297.7
566479,51.910,605270.4
566887,51.907,605242.9
567295,51.903,605201.8
567703,51.900,605174.4
568111,51.897,605146.9
568519,51.894,605119.5
568927,51.892,605092.0
569335,51.889,605064.5
569743,51.886,605037.0
570151,51.883,605009.4
570559,51.880,604981.9
570967,51.877,604954.3
571375,51.875,604926.8
571579,51.873,604912.9
571987,51.870,604885.2
572395,51.868,604857.6
572803,51.865,604830.0
573211,51.862,604802.4
573619,51.859,604774.6
574027,51.856,604746.9
574435,51.854,604719.2
575455,51.846,604649.8
575863,51.844,604622.0
576271,51.841,604594.2
576679,51.838,604566.5
577087,51.835,604538.6
577495,51.831,604496.9
577903,51.828,604469.0
578311,51.825,604441.2
578719,51.822,604413.3
579127,51.819,604385.4
579535,51.817,604357.5
579943,51.814,604329.6
580351,51.811,604301.6
580759,51.808,604273.8
581167,51.805,604245.8
581575,51.802,604217.8
581983,51.800,604189.9
582391,51.797,604161.8
582799,51.794,604133.8
583207,51.791,604105.8
583411,51.790,604091.8
583819,51.787,604063.8
584227,51.784,604035.8
584635,51.781,604007.7
585043,51.778,603979.6
585451,51.775,603951.6
585859,51.772,603923.4
586267,51.769,603895.4
586675,51.767,603867.2
587083,51.764,603839.1
587491,51.761,603811.1
587899,51.757,603768.9
588307,51.754,603740.8
588715,51.751,603712.6
589327,51.747,603670.4
589735,51.744,603642.2
590143,51.741,603614.0
590551,51.738,603585.9
590959,51.735,603557.6
591367,51.732,603529.5
591775,51.729,603501.2
592183,51.726,603473.1
592591,51.724,603444.8
592999,51.721,603416.6
593407,51.718,603388.4
593815,51.715,603360.1
594223,51.712,603332.0
594631,51.709,603303.8
595039,51.706,603275.5
595447,51.703,603247.2
595855,51.701,603219.0
596059,51.699,603204.9
596467,51.696,603176.6
596875,51.693,603148.4
597283,51.690,603120.1
597691,51.688,603091.8
598099,51.683,603049.4
598507,51.680,603021.1
598915,51.677,602992.8
599323,51.675,602964.6
599731,51.672,602936.3
600139,51.669,602908.0
600547,51.666,602879.8
600955,51.663,602851.4
601363,51.660,602823.1
601771,51.657,602794.9
602179,51.654,602766.6
602587,51.652,602738.3
602995,51.649,602710.0
603607,51.644,602667.6
603811,51.643,602653.4
604015,51.641,602639.2
604423,51.639,602611.0
604831,51.636,602582.8
605239,51.633,602554.4
605647,51.630,602526.1
606055,51.627,602497.9
606463,51.624,602469.6
606871,51.621,602441.2
607279,51.618,602413.0
607687,51.615,602384.8
608095,51.611,602342.3
608503,51.608,602314.1
608911,51.605,602285.8
609319,51.602,602257.5
609727,51.600,602229.2
610135,51.597,602201.0
610543,51.594,602172.8
610951,51.591,602144.5
611359,51.588,602116.2
611767,51.585,602088.1
612175,51.582,602059.8
612583,51.579,602031.6
612991,51.577,602003.4
613399,51.574,601975.1
613807,51.571,601946.9
614623,51.565,601890.5
614827,51.564,601876.4
615847,51.556,601806.0
616051,51.555,601791.9
616459,51.552,601763.8
616867,51.549,601735.6
617479,51.545,601693.4
617887,51.542,601665.2
618295,51.538,601623.0
618703,51.535,601594.9
619111,51.532,601566.8
619519,51.529,601538.6
619927,51.526,601510.6
620335,51.523,601482.5
620743,51.521,601454.4
621151,51.518,601426.4
621559,51.515,601398.2
621967,51.512,601370.2
622375,51.509,601342.2
622783,51.506,601314.2
623191,51.503,601286.1
623599,51.501,601258.2
624007,51.498,601230.2
624415,51.495,601202.2
624823,51.492,601174.2
625231,51.489,601146.2
625639,51.486,601118.4
626047,51.483,601090.4
626455,51.481,601062.5
626863,51.478,601034.6
627271,51.475,601006.7
627679,51.472,600978.8
628087,51.469,600950.9
628495,51.465,600909.2
628903,51.462,600881.4
629311,51.459,600853.5
629719,51.456,600825.8
630127,51.454,600797.9
630535,51.451,600770.1
630943,51.448,600742.4
631351,51.445,600714.6
631759,51.442,600686.9
632167,51.440,600659.2
632575,51.437,600631.5
632983,51.434,600603.9
633391,51.431,600576.2
633799,51.428,600548.5
634207,51.425,600520.9
634615,51.423,600493.3
635023,51.420,600465.8
635431,51.417,600438.1
635839,51.414,600410.6
636247,51.411,600383.0
636655,51.409,600355.5
637063,51.406,600328.0
637471,51.403,600300.5
637879,51.400,600273.1
638287,51.397,600245.6
638695,51.393,600204.5
639103,51.390,600177.1
639511,51.388,600149.7
639919,51.385,600122.4
640327,51.382,600095.0
640735,51.379,600067.7
641143,51.376,600040.4
641551,51.374,600013.1
641959,51.371,599985.8
642367,51.368,599958.6
642775,51.365,599931.4
643183,51.363,599904.2
643591,51.360,599877.0
643999,51.357,599849.9
644407,51.354,599822.8
644815,51.351,599795.6
645223,51.349,599768.6
645631,51.346,599741.5
646039,51.343,599714.5
646447,51.340,599687.5
646855,51.338,599660.5
647263,51.335,599633.5
647671,51.332,599606.6
648079,51.329,599579.6
648487,51.327,599552.8
648895,51.323,599512.5
649303,51.320,599485.6
649711,51.317,599458.9
650119,51.314,599432.1
650527,51.312,599405.3
650935,51.309,599378.6
651343,51.306,599351.9
651751,51.303,599325.2
652159,51.301,599298.6
652567,51.298,599271.9
652975,51.295,599245.4
653383,51.293,599218.8
653791,51.290,599192.2
654199,51.287,599165.8
654607,51.285,599139.2
655015,51.282,599112.8
655423,51.279,599086.3
655831,51.276,599059.9
656239,51.274,599033.6
656647,51.271,599007.2
657055,51.268,598980.9
657463,51.266,598954.6
657871,51.263,598928.4
658279,51.260,598902.1
658687,51.258,598875.9
659095,51.254,598836.7
659503,51.251,598810.6
659911,51.248,598784.5
660319,51.246,598758.4
660727,51.243,598732.4
661135,51.240,598706.4
661543,51.238,598680.4
661951,51.235,598654.5
662359,51.232,598628.6
662767,51.230,598602.7
663175,51.227,598576.9
663583,51.225,598551.0
663991,51.222,598525.2
664399,51.219,598499.5
664807,51.217,598473.8
665215,51.214,598448.1
665623,51.211,598422.5
666031,51.209,598396.9
666439,51.206,598371.2
666847,51.204,598345.8
667255,51.201,598320.2
667663,51.198,598294.8
668071,51.196,598269.3
668479,51.193,598243.9
668887,51.191,598218.5
669295,51.187,598180.5
669703,51.184,598155.2
670111,51.182,598130.0
670519,51.179,598104.8
670927,51.176,598079.6
671335,51.174,598054.5
671743,51.171,598029.4
672151,51.169,598004.2
672559,51.166,597979.2
672967,51.164,597954.2
673375,51.161,597929.3
673783,51.159,597904.4
674191,51.156,597879.5
674599,51.154,597854.6
675007,51.151,597829.8
675415,51.148,597805.1
675823,51.146,597780.4
676231,51.143,597755.6
676639,51.141,597731.0
677047,51.138,597706.4
677455,51.136,597681.8
677863,51.133,597657.2
678271,51.131,597632.8
678679,51.128,597608.2
679087,51.126,597583.9
679495,51.122,597547.3
679903,51.120,597523.0
680311,51.117,597498.8
680719,51.115,597474.5
681127,51.112,597450.2
681535,51.110,597426.1
681943,51.107,597402.0
682351,51.105,597377.9
682759,51.102,597353.9
683167,51.148,597329.9
683575,51.098,597306.0
683983,51.095,597282.1
684391,51.093,597258.2
684799,51.090,597234.4
685207,51.088,597210.6
685615,51.085,597186.9
686023,51.083,597163.2
686431,51.081,597139.5
686839,51.078,597115.9
687247,51.076,597092.4
687655,51.073,597068.9
688063,51.071,597045.4
688471,51.069,597021.9
688879,51.066,596998.6
689287,51.064,596975.2
689695,51.060,596940.2
690103,51.058,596917.1
690511,51.056,596893.9
690919,51.053,596870.8
691327,51.051,596847.6
691735,51.048,596824.6
692143,51.046,596801.6
692551,51.044,596778.6
692959,51.041,596755.8
693367,51.039,596732.9
693775,51.037,596710.1
694183,51.034,596687.2
694591,51.032,596664.6
694999,51.030,596641.9
695407,51.028,596619.2
695815,51.025,596596.7
696223,51.023,596574.1
696631,51.021,596551.6
697039,51.018,596529.2
697447,51.016,596506.9
697855,51.014,596484.5
698263,51.012,596462.2
698671,51.009,596439.9
699079,51.007,596417.8
699487,51.005,596395.6
699895,51.001,596362.5
700303,50.999,596340.5
700711,50.997,596318.5
701119,50.995,596296.6
701527,50.992,596274.8
701935,50.990,596252.9
702343,50.988,596231.1
702751,50.986,596209.4
703159,50.984,596187.8
703567,50.981,596166.1
703975,50.979,596144.5
704383,50.977,596123.0
704791,50.975,596101.6
705199,50.973,596080.1
705607,50.970,596058.8
706015,50.968,596037.5
706423,50.966,596016.2
706831,50.964,595995.0
707239,50.962,595973.9
707647,50.960,595952.8
708055,50.957,595931.8
708463,50.955,595910.8
708871,50.953,595889.8
709279,50.951,595868.9
709687,50.949,595848.1
710095,50.946,595816.9
710503,50.944,595796.2
710911,50.941,595775.5
711319,50.939,595754.9
711727,50.937,595734.4
712135,50.935,595713.9
712543,50.933,595693.5
712951,50.931,595673.1
713359,50.929,595652.8
713767,50.927,595632.5
714175,50.925,595612.3
714583,50.923,595592.1
714991,50.921,595572.1
715399,50.919,595552.0
715807,50.917,595532.0
716215,50.915,595512.1
716623,50.913,595492.2
717031,50.911,595472.4
717439,50.909,595452.6
717847,50.907,595432.9
718255,50.905,595413.2
718663,50.903,595393.6
719071,50.901,595374.1
719479,50.899,595354.6
719887,50.897,595335.2
720295,50.894,595306.2
720703,50.892,595286.9
721111,50.890,595267.8
721315,50.889,595258.1
721723,50.887,595239.0
722131,50.885,595219.9
722539,50.883,595200.9
722947,50.881,595181.9
723559,50.878,595153.6
723967,50.876,595134.8
724375,50.874,595116.0
724783,50.872,595097.4
725191,50.870,595078.8
725599,50.869,595060.1
726007,50.867,595041.6
726415,50.865,595023.2
726823,50.863,595004.8
727231,50.861,594986.5
727639,50.859,594968.1
728047,50.857,594950.0
728455,50.855,594931.8
729271,50.852,594895.7
730087,50.848,594859.8
730495,50.845,594833.1
730903,50.844,594815.3
731311,50.842,594797.6
731719,50.840,594780.0
732127,50.838,594762.4
732535,50.836,594744.9
732943,50.835,594727.4
733351,50.833,594710.1
733759,50.831,594692.8
734167,50.829,594675.5
734575,50.828,594658.2
734983,50.826,594641.1
735391,50.824,594624.1
735799,50.822,594607.1
736207,50.821,594590.1
736615,50.819,594573.2
737023,50.817,594556.4
737431,50.815,594539.6
737839,50.814,594523.0
738247,50.812,594506.4
738655,50.810,594489.8
739063,50.809,594473.3
739471,50.807,594456.9
739879,50.805,594440.5
740287,50.804,594424.2
740695,50.801,594399.9
740899,50.800,594391.8
741307,50.799,594375.6
741715,50.797,594359.6
742123,50.795,594343.6
742531,50.794,594327.7
742939,50.792,594311.9
743347,50.791,594296.1
743755,50.789,594280.4
744163,50.787,594264.7
744571,50.786,594249.1
744979,50.784,594233.6
745387,50.783,594218.1
745795,50.781,594202.8
746203,50.780,594187.4
746611,50.778,594172.1
747019,50.776,594157.0
747427,50.775,594141.9
747835,50.773,594126.8
748243,50.772,594111.8
748651,50.770,594096.9
749059,50.769,594082.0
749467,50.767,594067.2
749875,50.766,594052.5
750283,50.764,594037.9
750691,50.763,594023.2
751099,50.761,594001.5
751507,50.759,593987.1
751915,50.758,593972.8
752323,50.756,593958.4
752731,50.755,593944.2
753139,50.753,593930.1
753547,50.752,593916.0
753955,50.750,593902.0
754363,50.749,593888.1
754771,50.748,593874.2
755179,50.746,593860.4
755587,50.745,593846.7
755995,50.743,593833.0
756403,50.742,593819.4
756811,50.741,593805.9
757219,50.739,593792.4
757627,50.738,593779.1
758035,50.737,593765.8
758443,50.735,593752.5
758851,50.734,593739.3
759259,50.733,593726.2
759667,50.731,593713.2
760075,50.730,593700.2
760483,50.729,593687.3
760891,50.727,593674.5
761299,50.725,593655.4
761707,50.724,593642.8
762115,50.723,593630.1
762523,50.721,593617.6
762931,50.720,593605.2
763339,50.719,593592.9
763747,50.718,593580.6
764155,50.716,593568.4
764563,50.715,593556.2
764971,50.714,593544.1
765379,50.713,593532.1
765787,50.712,593520.1
766195,50.710,593508.2
766603,50.709,593496.5
767011,50.708,593484.8
767419,50.707,593473.1
767827,50.706,593461.6
768235,50.704,593450.1
768643,50.703,593438.6
769051,50.702,593427.2
769459,50.701,593416.0
769867,50.700,593404.8
770275,50.699,593393.6
770683,50.697,593382.5
771091,50.696,593371.5
771499,50.695,593355.1
771907,50.694,593344.4
772315,50.692,593333.6
772723,50.691,593322.9
773131,50.690,593312.4
773539,50.689,593301.8
773947,50.688,593291.4
774355,50.687,593281.0
774763,50.686,593270.7
775171,50.685,593260.5
775579,50.684,593250.2
775987,50.683,593240.2
776395,50.682,593230.2
776803,50.681,593220.2
777007,50.680,593215.3
777415,50.679,593205.5
777823,50.678,593195.8
778231,50.677,593186.1
778843,50.676,593171.7
779251,50.675,593162.2
779659,50.674,593152.8
780067,50.673,593143.5
780271,50.673,593138.8
780679,50.672,593129.6
781087,50.671,593120.4
781495,50.669,593106.9
781903,50.668,593097.9
782311,50.668,593089.0
782719,50.667,593080.2
783127,50.666,593071.4
783535,50.665,593062.8
784147,50.664,593049.9
784555,50.663,593041.4
784963,50.662,593033.0
785371,50.661,593024.8
785779,50.660,593016.5
786187,50.659,593008.2
786595,50.658,593000.1
787003,50.658,592992.1
787411,50.657,592984.2
787615,50.656,592980.2
788023,50.656,592972.4
788431,50.655,592964.6
789247,50.653,592949.4
789655,50.653,592941.9
790063,50.652,592934.4
790471,50.651,592927.0
790879,50.650,592919.8
791287,50.650,592912.5
791899,50.648,592898.2
792307,50.647,592891.2
792715,50.647,592884.3
793123,50.646,592877.5
793531,50.645,592870.8
793939,50.645,592864.0
794347,50.644,592857.4
794755,50.643,592850.9
795163,50.643,592844.4
795571,50.642,592838.0
795979,50.641,592831.8
796387,50.641,592825.5
796795,50.640,592819.4
797203,50.639,592813.2
797611,50.639,592807.2
798019,50.638,592801.4
798427,50.638,592795.5
798835,50.637,592789.8
799243,50.636,592784.1
799651,50.636,592778.4
800059,50.635,592772.9
800467,50.635,592767.5
800875,50.634,592762.1
801283,50.634,592756.8
801691,50.633,592751.6
802099,50.632,592743.9
802507,50.632,592738.9
803323,50.631,592729.0
803527,50.631,592726.6
804139,50.630,592719.5
804547,50.629,592714.9
804955,50.629,592710.3
805159,50.629,592708.0
805567,50.628,592703.6
805975,50.628,592699.2
806383,50.627,592695.0
806791,50.627,592690.8
807199,50.627,592686.6
807607,50.626,592682.6
808015,50.626,592678.6
808423,50.625,592674.7
808831,50.625,592670.9
809239,50.625,592667.1
809647,50.624,592663.5
810055,50.624,592659.9
810463,50.623,592656.4
810871,50.623,592652.9
811279,50.623,592649.6
811687,50.622,592646.4
812095,50.622,592641.6
812503,50.622,592638.5
812911,50.621,592635.5
813321,50.621,592632.6
813729,50.621,592629.8
814137,50.620,592627.0
814545,50.620,592624.3
814953,50.620,592621.7
815361,50.620,592619.1
815769,50.619,592616.8
816177,50.619,592614.4
816585,50.619,592612.1
816993,50.619,592609.9
817401,50.618,592607.8
817809,50.618,592605.6
818217,50.618,592603.8
818625,50.618,592601.8
819033,50.618,592600.0
819441,50.618,592598.2
819849,50.617,592596.6
820257,50.617,592595.0
820665,50.617,592593.5
821073,50.617,592592.1
821481,50.617,592590.8
821889,50.617,592589.5
822297,50.616,592587.8
822705,50.616,592586.7
823113,50.616,592585.7
823521,50.616,592584.8
823929,50.616,592583.9
824337,50.616,592583.2
824745,50.616,592582.5
825153,50.616,592581.9
825561,50.616,592581.4
825969,50.616,592581.0
826173,50.616,592580.8
826581,50.616,592580.5
826989,50.616,592580.2
827397,50.616,592580.1
827805,50.616,592580.0
828213,50.616,592580.0
828621,50.616,592580.1
829029,50.616,592580.2
829437,50.616,592580.5
829845,50.616,592580.8
830253,50.616,592581.2
830661,50.616,592581.6
831069,50.616,592582.2
831477,50.616,592582.9
831885,50.616,592583.6
832293,50.616,592584.8
832701,50.616,592585.7
833109,50.616,592586.7
833517,50.616,592587.8
833925,50.617,592588.9
834333,50.617,592590.1
834741,50.617,592591.4
835149,50.617,592592.8
835557,50.617,592594.2
835965,50.617,592595.8
836373,50.617,592597.4
836781,50.618,592599.1
837189,50.618,592600.9
837597,50.618,592602.8
838005,50.618,592604.7
838413,50.618,592606.7
838821,50.619,592608.8
839229,50.619,592611.0
839637,50.619,592613.2
840045,50.619,592615.5
840453,50.620,592617.9
840861,50.620,592620.4
841269,50.620,592623.0
841677,50.620,592625.6
842085,50.621,592628.4
842493,50.621,592632.6
842901,50.621,592635.5
843309,50.622,592638.5
843717,50.622,592641.6
844125,50.622,592644.8
844533,50.623,592647.9
844941,50.623,592651.2
845349,50.623,592654.6
845757,50.624,592658.1
846165,50.624,592661.7
846573,50.624,592665.2
846981,50.625,592669.0
847389,50.625,592672.8
847797,50.626,592676.6
848205,50.626,592680.6
848613,50.626,592684.6
849021,50.627,592688.6
849429,50.627,592692.9
849837,50.628,592697.1
850245,50.628,592701.4
850653,50.628,592705.9
851061,50.629,592710.3
851469,50.629,592714.9
851877,50.630,592719.5
852285,50.630,592724.2
852693,50.631,592731.4
853101,50.632,592736.4
853509,50.632,592741.4
853917,50.633,592746.4
854325,50.633,592751.6
854733,50.634,592756.8
855141,50.634,592762.1
855549,50.635,592767.5
855957,50.635,592772.9
856365,50.636,592778.4
856773,50.636,592784.1
857181,50.637,592789.8
857385,50.637,592792.6
857793,50.638,592798.4
858201,50.639,592804.3
858609,50.639,592810.2
859017,50.640,592816.3
859425,50.640,592822.4
859833,50.641,592828.6
860241,50.642,592834.9
860649,50.642,592841.2
861057,50.643,592847.6
861465,50.644,592854.1
861873,50.644,592860.8
862281,50.645,592867.4
862689,50.646,592874.1
863097,50.647,592884.3
863505,50.647,592891.2
863913,50.648,592898.2
864321,50.649,592905.4
864729,50.650,592912.5
865137,50.650,592919.8
865749,50.651,592930.7
866157,50.652,592938.1
866565,50.653,592945.6
866973,50.654,592953.1
867381,50.654,592960.8
867789,50.655,592968.5
868197,50.656,592976.4
868605,50.657,592984.2
869013,50.658,592992.1
869421,50.658,593000.2
869829,50.659,593008.2
870237,50.660,593016.5
870645,50.661,593024.8
871053,50.662,593033.0
871461,50.663,593041.4
871869,50.664,593049.9
872277,50.664,593058.5
873093,50.667,593080.2
873297,50.667,593084.6
873705,50.668,593093.4
874113,50.669,593102.4
874521,50.670,593111.4
874929,50.671,593120.4
875337,50.672,593129.6
875745,50.673,593138.8
876153,50.674,593148.1
876561,50.675,593157.5
876969,50.676,593167.0
877377,50.676,593176.5
877785,50.677,593186.1
878193,50.678,593195.8
878601,50.679,593205.5
879009,50.680,593215.3
879417,50.681,593225.2
879825,50.682,593235.2
880233,50.683,593245.2
880641,50.685,593255.4
881049,50.686,593265.6
881457,50.687,593275.8
881865,50.688,593286.2
882273,50.689,593296.6
882681,50.690,593307.1
883089,50.691,593317.6
883497,50.692,593333.6
883905,50.694,593344.4
884313,50.695,593355.1
884721,50.696,593366.1
885129,50.697,593377.0
885537,50.698,593388.0
885945,50.699,593399.1
886353,50.700,593410.4
886761,50.701,593421.6
887169,50.703,593432.9
887577,50.704,593444.3
887985,50.705,593455.8
888393,50.706,593467.3
888801,50.707,593478.9
889209,50.709,593490.6
889617,50.710,593502.4
890025,50.711,593514.2
890433,50.712,593526.1
890841,50.713,593538.1
891249,50.715,593550.1
891657,50.716,593562.2
892065,50.717,593574.4
892473,50.718,593586.7
892881,50.720,593599.0
893289,50.721,593611.4
893697,50.723,593630.1
894105,50.724,593642.8
894309,50.725,593649.1
894717,50.726,593661.8
895125,50.727,593674.5
895533,50.729,593687.3
895941,50.730,593700.2
896349,50.731,593713.2
896757,50.733,593726.2
897165,50.734,593739.3
897573,50.735,593752.5
897981,50.737,593765.8
898389,50.738,593779.1
898797,50.739,593792.4
899205,50.741,593805.9
899613,50.742,593819.4
900021,50.743,593833.0
900429,50.745,593846.7
900837,50.746,593860.4
901245,50.748,593874.2
901653,50.749,593888.1
902061,50.750,593902.0
902673,50.753,593923.1
903081,50.754,593937.1
903489,50.755,593951.4
903897,50.758,593972.8
904305,50.759,593987.1
904713,50.761,594001.5
905121,50.762,594016.0
905529,50.764,594030.5
905937,50.765,594045.1
906345,50.767,594059.9
906753,50.768,594074.6
907161,50.770,594089.4
907569,50.771,594104.3
907977,50.773,594119.2
908385,50.774,594134.3
908793,50.776,594149.4
909201,50.777,594164.6
909609,50.779,594179.8
910017,50.780,594195.1
910425,50.782,594210.4
910833,50.783,594225.9
911241,50.785,594241.3
911649,50.787,594256.9
912057,50.788,594272.5
912465,50.790,594288.2
912873,50.791,594303.9
913281,50.793,594319.8
913689,50.795,594335.6
914097,50.797,594359.6
914505,50.799,594375.6
914913,50.800,594391.8
915321,50.802,594407.9
915729,50.804,594424.2
916137,50.805,594440.5
916545,50.807,594456.9
916953,50.809,594473.3
917361,50.810,594489.8
917769,50.812,594506.4
918177,50.814,594523.0
918585,50.815,594539.7
918993,50.817,594556.4
919197,50.818,594564.9
919605,50.820,594581.7
920013,50.821,594598.6
920421,50.823,594615.6
920829,50.825,594632.6
921237,50.827,594649.7
921645,50.828,594666.9
922053,50.830,594684.1
922461,50.832,594701.4
922869,50.834,594718.8
923277,50.836,594736.1
923685,50.837,594753.6
924093,50.840,594780.0
924501,50.842,594797.6
924909,50.844,594815.3
925317,50.845,594833.1
925725,50.847,594850.9
926133,50.849,594868.8
926745,50.852,594895.7
927153,50.854,594913.8
927561,50.855,594931.8
927969,50.857,594950.0
928377,50.859,594968.1
928785,50.861,594986.5
929193,50.863,595004.8
929601,50.865,595023.2
930009,50.867,595041.6
930417,50.869,595060.1
930825,50.870,595078.8
931233,50.872,595097.4
931641,50.874,595116.1
932049,50.876,595134.8
932457,50.878,595153.6
932865,50.880,595172.5
933273,50.882,595191.4
933681,50.884,595210.4
934089,50.886,595229.5
934497,50.889,595258.1
934905,50.891,595277.3
935313,50.893,595296.6
935721,50.895,595315.9
936129,50.897,595335.2
936537,50.899,595354.6
936945,50.901,595374.1
937353,50.903,595393.6
937761,50.905,595413.2
938169,50.907,595432.9
938577,50.909,595452.6
938985,50.911,595472.4
939393,50.913,595492.2
939801,50.915,595512.1
940209,50.917,595532.0
940617,50.919,595552.0
941025,50.921,595572.1
941433,50.923,595592.1
941841,50.925,595612.4
942249,50.927,595632.5
942657,50.929,595652.8
943065,50.931,595673.1
943473,50.933,595693.5
943881,50.935,595713.9
944289,50.937,595734.4
944493,50.939,595754.9
944901,50.941,595775.5
945309,50.944,595796.2
945717,50.946,595816.9
946125,50.948,595837.6
946533,50.950,595858.5
947145,50.953,595889.8
947553,50.955,595910.8
947961,50.957,595931.8
948369,50.960,595952.8
948777,50.962,595973.9
949185,50.964,595995.0
949593,50.966,596016.2
950001,50.968,596037.5
950409,50.970,596058.8
950817,50.973,596080.1
951225,50.975,596101.6
951633,50.977,596123.0
952041,50.979,596144.5
952449,50.981,596166.1
952857,50.984,596187.8
953265,50.986,596209.4
953673,50.988,596231.1
954081,50.990,596252.9
954489,50.992,596274.8
954897,50.996,596307.5
955305,50.998,596329.5
955713,51.000,596351.5
956121,51.002,596373.5
956529,51.005,596395.6
956937,51.007,596417.8
957345,51.009,596440.0
957753,51.012,596462.2
958161,51.014,596484.5
958569,51.016,596506.9
958977,51.018,596529.2
959385,51.021,596551.7
959793,51.023,596574.1
960201,51.025,596596.7
960609,51.028,596619.2
961017,51.030,596641.9
961425,51.032,596664.6
961833,51.034,596687.2
962241,51.037,596710.1
962649,51.039,596732.9
963057,51.041,596755.8
963465,51.044,596778.6
963873,51.046,596801.6
964281,51.048,596824.6
964689,51.051,596847.6
965301,51.056,596893.9
965709,51.058,596917.1
966117,51.060,596940.2
966525,51.063,596963.6
967341,51.067,597010.2
967749,51.070,597033.6
968157,51.072,597057.1
968769,51.076,597092.4
969177,51.078,597115.9
969585,51.081,597139.5
969993,51.083,597163.2
970401,51.085,597186.9
970809,51.088,597210.6
971217,51.090,597234.4
971625,51.093,597258.2
972033,51.095,597282.1
972441,51.098,597306.0
972849,51.100,597329.9
973257,51.102,597353.9
973665,51.105,597377.9
974073,51.107,597402.0
974481,51.110,597426.1
974889,51.112,597450.2
975297,51.116,597486.6
975705,51.118,597510.9
976113,51.121,597535.2
976521,51.123,597559.5
976929,51.126,597583.9
977337,51.128,597608.2
977745,51.131,597632.8
978153,51.133,597657.2
978561,51.136,597681.8
978969,51.138,597706.4
979377,51.141,597731.0
979785,51.143,597755.6
980193,51.146,597780.4
980601,51.148,597805.1
981009,51.151,597829.8
981621,51.155,597867.1
982437,51.160,597916.9
982845,51.162,597941.8
983253,51.165,597966.8
983661,51.167,597991.8
984069,51.170,598016.8
984477,51.173,598041.9
984681,51.174,598054.5
985089,51.176,598079.6
985497,51.180,598117.4
985905,51.183,598142.6
986313,51.185,598167.9
986721,51.188,598193.2
987129,51.191,598218.5
987537,51.193,598243.9
987945,51.196,598269.3
988353,51.198,598294.8
988761,51.201,598320.2
989169,51.204,598345.8
989577,51.206,598371.2
989985,51.209,598396.9
990393,51.211,598422.5
990801,51.214,598448.1
991209,51.217,598473.8
991617,51.219,598499.5
992025,51.222,598525.2
992433,51.225,598551.0
992841,51.227,598576.9
993249,51.230,598602.7
993657,51.232,598628.6
994065,51.235,598654.5
994473,51.238,598680.4
994881,51.240,598706.4
995289,51.243,598732.4
995697,51.247,598771.4
996105,51.250,598797.5
996513,51.252,598823.6
997125,51.256,598862.9
997533,51.259,598889.0
997941,51.262,598915.2
998349,51.264,598941.5
998757,51.267,598967.8
999165,51.270,598994.1
999573,51.272,599020.4
999981,51.275,599046.8
1000389,51.278,599073.1
1000797,51.280,599099.6
1001001,51.282,599112.8
1001409,51.285,599139.2
1001817,51.287,599165.8
1002225,51.290,599192.2
1002633,51.293,599218.8
1003041,51.295,599245.4
1003449,51.298,599271.9
1003857,51.301,599298.6
1004265,51.303,599325.2
1004673,51.306,599351.9
1005081,51.309,599378.6
1005489,51.312,599405.3
1005897,51.316,599445.5
1006305,51.318,599472.2
1006713,51.321,599499.1
1007121,51.324,599525.9
1007529,51.327,599552.8
1007937,51.329,599579.6
1008345,51.332,599606.6
1008753,51.335,599633.5
1009161,51.338,599660.5
1009569,51.340,599687.5
1009977,51.343,599714.5
1010385,51.346,599741.5
1010793,51.349,599768.6
1011201,51.351,599795.6
1011813,51.356,599836.3
1012221,51.358,599863.5
1012629,51.361,599890.6
1013037,51.364,599917.8
1013445,51.367,599945.0
1013853,51.369,599972.2
1014261,51.372,599999.5
1014669,51.375,600026.8
1015077,51.378,600054.0
1015485,51.381,600081.4
1015893,51.385,600122.4
1016301,51.388,600149.7
1016505,51.389,600163.4
1016913,51.392,600190.8
1017321,51.395,600218.2
1017729,51.397,600245.6
1018749,51.404,600314.2
1018953,51.406,600328.0
1019361,51.409,600355.5
1019769,51.411,600383.0
1020177,51.414,600410.6
1020585,51.417,600438.1
1020993,51.420,600465.8
1021401,51.423,600493.3
1021809,51.425,600520.9
1022217,51.428,600548.5
1022625,51.431,600576.2
1023033,51.434,600603.9
1023645,51.438,600645.4
1024053,51.441,600673.1
1024461,51.444,600700.8
1024869,51.447,600728.5
1025277,51.449,600756.2
1025685,51.452,600784.0
1026093,51.456,600825.8
1026501,51.459,600853.5
1026909,51.462,600881.4
1027317,51.465,600909.2
1027725,51.468,600937.0
1028133,51.471,600964.9
1028541,51.474,600992.8
1028949,51.476,601020.6
1029357,51.479,601048.5
1029765,51.482,601076.4
1030173,51.485,601104.4
1030581,51.488,601132.3
1030989,51.491,601160.2
1031397,51.493,601188.2
1031805,51.496,601216.2
1032213,51.499,601244.1
1032621,51.502,601272.2
1033029,51.505,601300.1
1033437,51.508,601328.2
1033845,51.511,601356.2
1034253,51.513,601384.2
1034661,51.516,601412.3
1035069,51.519,601440.4
1035477,51.522,601468.4
1035885,51.525,601496.5
1036293,51.529,601538.6
1036701,51.532,601566.8
1037109,51.535,601594.9
1037517,51.538,601623.0
1037925,51.541,601651.1
1038333,51.544,601679.2
1038741,51.546,601707.4
1039149,51.549,601735.6
1039557,51.552,601763.8
1039965,51.555,601791.9
1040373,51.558,601820.1
1040781,51.561,601848.2
1041189,51.564,601876.4
1041597,51.566,601904.6
1042005,51.569,601932.8
1042413,51.572,601961.1
1042821,51.575,601989.2
1043229,51.578,602017.5
1043637,51.581,602045.8
1044045,51.584,602073.9
1044453,51.587,602102.1
1044861,51.590,602130.4
1045269,51.592,602158.6
1045677,51.595,602186.9
1046085,51.598,602215.1
1046493,51.602,602257.5
1046901,51.605,602285.8
1047309,51.608,602314.1
1047717,51.611,602342.3
1048125,51.614,602370.6
1048533,51.617,602398.9
1048941,51.620,602427.1
1049349,51.623,602455.4
1049757,51.626,602483.8
1050165,51.628,602512.0
1050573,51.631,602540.2
1050981,51.634,602568.6
1051389,51.637,602596.9
1051797,51.640,602625.1
1052205,51.643,602653.4
1052613,51.646,602681.8
1053021,51.649,602710.0
1053429,51.610,602327.8
1053837,51.571,601945.5
1054245,51.532,601563.2
1054857,51.473,600989.8
1055265,51.434,600607.6
1055673,51.395,600225.2
1056081,51.356,599843.0
1057101,51.239,598696.2
1057509,51.200,598313.9
1057918,51.161,597931.7
1058529,51.103,597358.2
1058937,51.064,596976.0
1059345,51.025,596593.8
1059957,50.966,596020.4
1060365,50.927,595638.1
1060773,50.889,595255.9
1061793,50.791,594300.2
1062201,50.752,593917.9
1062609,50.713,593535.6
1063017,50.674,593153.4
1063425,50.635,592771.1
1064037,50.577,592197.8
1064445,50.538,591815.5
1065057,50.479,591242.1
1065465,50.440,590859.8
1065873,50.401,590477.5
1066281,50.362,590095.2
1066689,50.323,589713.0
1067301,50.245,588948.5
1067913,50.187,588375.1
1068321,50.148,587992.8
1068729,50.109,587610.6
1069137,50.070,587228.3
1069545,50.031,586846.0
1070157,49.972,586272.6
1070565,49.934,585890.4
1070973,49.895,585508.1
1071993,49.797,584552.5
1072401,49.758,584170.2
1073829,49.622,582832.2
1074237,49.583,582450.0
1074645,49.544,582067.8
1075257,49.485,581494.4
1075665,49.446,581112.1
1076073,49.407,580729.8
1076481,49.368,580347.5
1076889,49.329,579965.2
1078113,49.193,578627.4
1078521,49.154,578245.1
1078929,49.115,577862.9
1079337,49.076,577480.6
1079745,49.037,577098.3
1080357,48.978,576524.9
1080765,48.940,576142.6
1081377,48.881,575569.2
1081785,48.842,575187.0
1082193,48.803,574804.8
1082601,48.764,574422.4
1083009,48.725,574040.2
1083621,48.667,573466.8
1084233,48.608,572893.4
1084641,48.569,572511.1
1085049,48.530,572128.9
1085457,48.491,571746.6
1085865,48.452,571364.4
1086273,48.413,570982.1
1086885,48.355,570408.7
1087497,48.277,569644.1
1087905,48.238,569261.9
1088313,48.199,568879.6
1088721,48.160,568497.4
1089741,48.062,567541.7
1090353,48.004,566968.2
1090557,47.984,566777.1
1091577,47.887,565821.5
1092597,47.790,564865.9
1093005,47.751,564483.6
1093413,47.712,564101.3
1093821,47.673,563719.1
1094841,47.575,562763.4
1095249,47.536,562381.1
1095861,47.478,561807.8
1096269,47.439,561425.5
1096473,47.419,561234.4
1097697,47.283,559896.4
1098105,47.244,559514.1
1098513,47.205,559131.9
1098921,47.166,558749.6
1099329,47.127,558367.4
1099941,47.068,557794.0
1100553,47.010,557220.6
1100961,46.971,556838.3
1101369,46.932,556456.0
1101777,46.893,556073.8
1102185,46.854,555691.5
1102593,46.815,555309.2
1103205,46.757,554735.9
1103613,46.718,554353.6
1104021,46.679,553971.4
1104429,46.640,553589.1
1105041,46.581,553015.7
1105449,46.542,552633.4
1106061,46.484,552060.0
1106469,46.445,551677.8
1106877,46.406,551295.5
1107285,46.367,550913.2
1107897,46.289,550148.7
1108305,46.250,549766.4
1108713,46.211,549384.1
1109121,46.172,549001.9
1109529,46.133,548619.6
1110141,46.074,548046.2
1110549,46.035,547664.0
1111161,45.977,547090.6
1111569,45.938,546708.3
1111977,45.899,546326.1
1112385,45.860,545943.8
1112793,45.821,545561.5
1113405,45.763,544988.1
1113813,45.724,544605.9
1114221,45.685,544223.6
1114629,45.646,543841.3
1115245,45.587,543267.9
1115653,45.548,542885.6
1116265,45.490,542312.2
1116673,45.451,541930.0
1117081,45.412,541547.8
1117489,45.373,541165.5
1118101,45.295,540400.9
1118509,45.256,540018.7
1118917,45.217,539636.4
1119529,45.158,539063.0
1119937,45.119,538680.8
1120345,45.080,538298.5
1120753,45.041,537916.2
1121365,44.983,537342.9
1121773,44.944,536960.6
1122385,44.886,536387.1
1122589,44.866,536196.0
1123609,44.769,535240.4
1124221,44.710,534667.0
1124629,44.671,534284.8
1125037,44.632,533902.4
1125445,44.593,533520.2
1125853,44.554,533137.9
1126261,44.515,532755.6
1127485,44.398,531608.9
1127893,44.340,531035.5
1128301,44.301,530653.2
1128709,44.262,530271.0
1129117,44.223,529888.7
1129729,44.164,529315.2
1130137,44.125,528933.0
1130749,44.067,528359.6
1131157,44.028,527977.4
1131565,43.989,527595.1
1131973,43.950,527212.8
1132381,43.911,526830.6
1132993,43.853,526257.1
1133605,43.794,525683.8
1134013,43.755,525301.5
1134421,43.716,524919.2
1134829,43.677,524537.0
1135237,43.638,524154.7
1135849,43.580,523581.3
1136257,43.541,523199.1
1136869,43.482,522625.7
1137277,43.443,522243.4
1137685,43.404,521861.1
1138093,43.346,521287.8
1138705,43.287,520714.3
1139113,43.248,520332.1
1139521,43.209,519949.8
1139929,43.170,519567.5
1140337,43.131,519185.3
1140949,43.073,518611.9
1141357,43.034,518229.6
1141969,42.976,517656.2
1142377,42.937,517274.0
1142785,42.898,516891.7
1143193,42.859,516509.4
1143831,42.800,515936.1
1144239,42.761,515553.8
1144647,42.722,515171.5
1145259,42.664,514598.1
1145667,42.625,514215.9
1146075,42.586,513833.6
1146483,42.547,513451.3
1147095,42.469,512686.8
1147503,42.430,512304.5
1148115,42.371,511731.1
1148523,42.332,511348.9
1148931,42.293,510966.6
1149339,42.254,510584.3
1149951,42.196,510010.9
1150359,42.157,509628.7
1150767,42.118,509246.4
1151379,42.060,508673.0
1151787,42.021,508290.8
1152195,41.982,507908.5
1153215,41.884,506952.8
1153623,41.845,506570.6
1154031,41.806,506188.3
1154439,41.767,505806.0
1155459,41.670,504850.4
1155867,41.631,504468.1
1156479,41.572,503894.7
1156887,41.533,503512.4
1157295,41.475,502939.1
1157703,41.436,502556.8
1158315,41.377,501983.4
1158723,41.338,501601.1
1159131,41.299,501218.9
1159539,41.260,500836.6
1160151,41.202,500263.2
1160559,41.163,499880.9
1160967,41.124,499498.7
1161579,41.066,498925.3
1161987,41.027,498543.0
1162395,40.988,498160.8
1162803,40.949,497778.5
1163415,40.890,497205.1
1163823,40.851,496822.8
1164231,40.812,496440.6
1164639,40.773,496058.3
1165047,40.734,495676.0
1165659,40.676,495102.7
1166679,40.578,494147.0
1167087,40.539,493764.7
1167495,40.481,493191.3
1167903,40.442,492809.1
1168515,40.383,492235.7
1168923,40.344,491853.4
1169535,40.286,491280.0
1169943,40.247,490897.7
1170351,40.208,490515.5
1170759,40.169,490133.2
1171779,40.072,489177.5
1172187,40.033,488795.3
1172799,39.974,488221.9
1173207,39.935,487839.6
1173615,39.896,487457.3
1174023,39.857,487075.1
1174431,39.818,486692.8
1175043,39.760,486119.4
1175451,39.721,485737.2
1175859,39.682,485354.9
1176879,39.584,484399.2
1177287,39.545,484017.0
1177899,39.467,483252.5
1178307,39.428,482870.2
1178715,39.389,482487.9
1179123,39.350,482105.7
1179735,39.292,481532.2
1180143,39.253,481150.0
1180551,39.214,480767.7
1180959,39.175,480385.5
1181571,39.117,479812.1
1181979,39.078,479429.8
1182999,38.980,478474.2
1183407,38.941,478091.9
1183815,38.902,477709.6
1184223,38.863,477327.4
1184631,38.824,476945.1
1185855,38.707,475798.3
1186263,38.668,475416.1
1186671,38.629,475033.8
1187079,38.590,474651.5
1187487,38.551,474269.3
1187895,38.493,473695.8
1188507,38.434,473122.4
1188915,38.395,472740.2
1189935,38.298,471784.5
1190343,38.259,471402.3
1190751,38.220,471020.0
1191363,38.162,470446.6
1191771,38.123,470064.3
1192179,38.084,469682.1
1193199,37.986,468726.4
1194219,37.889,467770.8
1194627,37.850,467388.5
1195035,37.811,467006.2
1195443,37.772,466624.0
1195851,37.733,466241.7
1196463,37.674,465668.3
1196871,37.635,465286.0
1197279,37.596,464903.8
1197687,37.557,464521.5
1198095,37.499,463948.1
1199319,37.382,462801.3
1199727,37.343,462419.1
1200135,37.304,462036.8
1200543,37.265,461654.5
1200951,37.226,461272.3
1201563,37.168,460698.8
1202175,37.109,460125.5
1202583,37.070,459743.2
1202991,37.031,459361.0
1203399,36.992,458978.7
1204419,36.895,458023.0
1204827,36.856,457640.8
1205439,36.797,457067.3
1205847,36.758,456685.1
1206255,36.719,456302.8
1206663,36.680,455920.6
1207683,36.583,454964.9
1208091,36.544,454582.7
1208703,36.466,453818.1
1209111,36.427,453435.9
1209519,36.388,453053.6
1209927,36.349,452671.3
1210539,36.290,452097.9
1210947,36.251,451715.7
1211355,36.213,451333.4
1211763,36.174,450951.1
1212375,36.115,450377.7
1212783,36.076,449995.5
1213803,35.979,449039.8
1214211,35.940,448657.6
1214619,35.901,448275.3
1215027,35.862,447893.0
1215639,35.803,447319.6
1216047,35.764,446937.3
1217067,35.667,445981.7
1217475,35.628,445599.4
1217883,35.589,445217.2
1218291,35.550,444834.9
1218903,35.472,444070.4
1219311,35.433,443688.1
1219923,35.374,443114.7
1220127,35.355,442923.6
1220535,35.316,442541.3
1221759,35.199,441394.5
1222167,35.160,441012.3
1222575,35.121,440630.0
1222983,35.082,440247.8
1223391,35.043,439865.5
1224003,34.985,439292.1
1225023,34.887,438336.4
1225431,34.848,437954.1
1225839,34.809,437571.9
1226247,34.770,437189.6
1226655,34.731,436807.3
1227267,34.673,436234.0
1227675,34.634,435851.7
1228287,34.575,435278.3
1228695,34.517,434704.9
1229103,34.478,434322.6
1229511,34.439,433940.4
1230123,34.380,433367.0
1230531,34.341,432984.7
1230939,34.302,432602.5
1231959,34.205,431646.8
1232367,34.166,431264.5
1233387,34.069,430308.9
1233795,34.030,429926.6
1234203,33.991,429544.3
1234611,33.952,429162.1
1235223,33.893,428588.7
1235631,33.854,428206.4
1236039,33.815,427824.2
1236447,33.776,427441.9
1236855,33.737,427059.6
1237467,33.679,426486.2
1237875,33.640,426104.0
1238487,33.581,425530.6
1238895,33.523,424957.2
1239303,33.484,424574.9
1240323,33.386,423619.2
1240731,33.347,423237.0
1241343,33.289,422663.6
1241751,33.250,422281.3
1241955,33.231,422090.2
1242567,33.172,421516.8
1242975,33.133,421134.5
1243587,33.075,420561.2
1243995,33.036,420178.9
1244403,32.997,419796.6
1245423,32.899,418840.9
1245831,32.860,418458.7
1246239,32.821,418076.4
1246851,32.763,417503.0
1247259,32.724,417120.8
1247667,32.685,416738.5
1248075,32.646,416356.2
1248687,32.587,415782.8
1249707,32.470,414636.1
1250523,32.392,413871.5
1251543,32.295,412915.8
1251951,32.256,412533.6
1252359,32.217,412151.3
1252971,32.159,411577.9
1253175,32.139,411386.8
1253787,32.081,410813.4
1254195,32.042,410431.1
1254807,31.983,409857.8
1255215,31.944,409475.5
1255623,31.905,409093.2
1256031,31.866,408710.9
1257051,31.769,407755.2
1257459,31.730,407373.0
1258071,31.671,406799.6
1258479,31.632,406417.4
1258887,31.593,406035.1
1259295,31.535,405461.7
1259907,31.476,404888.3
1260315,31.437,404506.0
1260723,31.398,404123.8
1261131,31.359,403741.5
1261743,31.301,403168.1
1262151,31.262,402785.8
1262559,31.223,402403.6
1263171,31.165,401830.2
1263579,31.126,401447.9
1264191,31.067,400874.5
1264599,31.028,400492.3
1265007,30.989,400110.0
1265415,30.950,399727.8
1266435,30.853,398772.1
1266843,30.814,398389.8
1267251,30.775,398007.5
1267659,30.736,397625.3
1268271,30.677,397051.9
1268679,30.638,396669.6
1269291,30.580,396096.2
1269699,30.521,395522.8
1270107,30.482,395140.6
1270515,30.443,394758.3
1271127,30.385,394184.9
1272147,30.288,393229.2
1272555,30.249,392847.0
1272963,30.210,392464.7
1273371,30.171,392082.4
1273779,30.132,391700.2
1274391,30.073,391126.8
1274799,30.034,390744.6
1275819,29.937,389788.9
1276023,29.917,389597.7
1277247,29.800,388450.9
1277655,29.761,388068.7
1278063,29.722,387686.4
1278471,29.683,387304.2
1278879,29.644,386921.9
1280103,29.508,385584.0
1280511,29.469,385201.7
1280919,29.430,384819.4
1281327,29.391,384437.2
1281735,29.352,384054.9
1282143,29.313,383672.7
1282755,29.255,383099.2
1283163,29.216,382717.0
1283775,29.157,382143.6
1284183,29.118,381761.3
1284591,29.079,381379.1
1284999,29.040,380996.8
1285611,28.982,380423.4
1286019,28.943,380041.1
1286427,28.904,379658.9
1286835,28.865,379276.6
1287447,28.806,378703.2
1287855,28.767,378320.9
1288263,28.728,377938.7
1288875,28.670,377365.3
1289283,28.631,376983.0
1289691,28.592,376600.8
1290099,28.533,376027.3
1290711,28.475,375454.0
1291119,28.436,375071.7
1291527,28.397,374689.5
1291935,28.358,374307.2
1292343,28.319,373924.9
1292955,28.261,373351.5
1293567,28.202,372778.1
1293975,28.163,372395.8
1294383,28.124,372013.6
1294791,28.085,371631.3
1295199,28.046,371249.1
1295811,27.988,370675.7
1296219,27.949,370293.4
1296831,27.890,369720.0
1297239,27.851,369337.7
1297647,27.812,368955.5
1298055,27.773,368573.2
1298463,27.734,368190.9
1299743,27.598,366853.0
1300151,27.559,366470.8
1300559,27.520,366088.5
1300967,27.481,365706.2
1301375,27.442,365324.0
1301987,27.384,364750.6
1302395,27.345,364368.3
1302803,27.306,363986.0
1303211,27.267,363603.8
1303823,27.208,363030.4
1304231,27.169,362648.1
1304639,27.130,362265.8
1305251,27.072,361692.5
1305659,27.033,361310.2
1306067,26.994,360927.9
1306475,26.955,360545.7
1307087,26.896,359972.2
1307495,26.838,359398.9
1307903,26.799,359016.6
1308311,26.760,358634.3
1308719,26.721,358252.1
1309331,26.662,357678.7
1309943,26.604,357105.3
1310351,26.565,356723.0
1310759,26.526,356340.8
1311167,26.487,355958.5
1311575,26.448,355576.2
1312187,26.390,355002.8
1313207,26.292,354047.2
1313411,26.273,353856.1
1313819,26.234,353473.8
1314431,26.175,352900.4
1314839,26.136,352518.1
1315451,26.078,351944.8
1315859,26.039,351562.5
1316267,26.000,351180.2
1316675,25.961,350797.9
1317287,25.902,350224.5
1317695,25.844,349651.1
1318307,25.785,349077.8
1318715,25.746,348695.5
1319127,25.707,348313.2
1319535,25.668,347930.9
1320147,25.610,347357.6
1320555,25.571,346975.3
1320963,25.532,346593.0
1321575,25.473,346019.6
1321983,25.435,345637.4
1322391,25.396,345255.1
1322799,25.357,344872.8
1323437,25.298,344299.4
1323845,25.259,343917.2
1324253,25.220,343534.9
1324865,25.162,342961.5
1325273,25.123,342579.2
1325681,25.084,342197.0
1326089,25.045,341814.7
1326701,24.967,341050.2
1327109,24.928,340667.9
1327721,24.869,340094.5
1327925,24.850,339903.4
1328537,24.791,339330.0
1329557,24.694,338374.4
1329965,24.655,337992.1
1330373,24.616,337609.8
1330781,24.577,337227.5
1331801,24.479,336271.9
1332209,24.441,335889.6
1332821,24.382,335316.2
1333229,24.343,334933.9
1333637,24.304,334551.7
1334045,24.265,334169.4
1334453,24.226,333787.2
1335065,24.168,333213.8
1335677,24.109,332640.4
1336085,24.070,332258.1
1336901,23.973,331302.5
1337309,23.934,330920.2
1337921,23.875,330346.8
1338329,23.836,329964.5
1338737,23.797,329582.2
1339145,23.758,329200.0
1339757,23.700,328626.6
1340165,23.661,328244.3
1340573,23.622,327862.1
1341185,23.563,327288.7
1341593,23.524,326906.4
1342001,23.486,326524.2
1343021,23.388,325568.5
1343429,23.349,325186.2
1343837,23.310,324804.0
1344245,23.271,324421.7
1344653,23.232,324039.4
1345265,23.174,323466.1
1346285,23.076,322510.4
1346693,23.018,321937.0
1347101,22.979,321554.7
1347509,22.940,321172.4
1348121,22.881,320599.1
1348529,22.842,320216.8
1348937,22.803,319834.5
1349345,22.764,319452.2
1349957,22.706,318878.9
1350365,22.667,318496.6
1350773,22.628,318114.3
1351385,22.569,317540.9
1351793,22.530,317158.7
1352201,22.492,316776.4
1352609,22.453,316394.2
1353221,22.394,315820.8
1353629,22.355,315438.5
1354037,22.316,315056.2
1354649,22.258,314482.8
1355057,22.219,314100.6
1355465,22.180,313718.3
1355873,22.141,313336.0
1356485,22.082,312762.6
1356893,22.024,312189.2
1357301,21.985,311807.0
1357709,21.946,311424.7
1358321,21.887,310851.3
1358729,21.848,310469.1
1359341,21.790,309895.7
1359749,21.751,309513.4
1360157,21.712,309131.1
1360565,21.673,308748.9
1361585,21.575,307793.2
1362605,21.478,306837.5
1363013,21.439,306455.2
1363421,21.400,306073.0
1363829,21.361,305690.8
1364237,21.322,305308.5
1364849,21.264,304735.1
1365257,21.225,304352.8
1365665,21.186,303970.6
1366073,21.147,303588.3
1366685,21.088,303014.9
1367093,21.030,302441.5
1367705,20.971,301868.1
1368113,20.932,301485.9
1368521,20.893,301103.6
1368929,20.854,300721.3
1369541,20.796,300147.9
1369949,20.757,299765.7
1370969,20.659,298810.0
1371173,20.640,298618.9
1371785,20.581,298045.5
1372193,20.543,297663.2
1372805,20.484,297089.8
1373213,20.445,296707.6
1373621,20.406,296325.3
1374029,20.367,295943.0
1375049,20.270,294987.4
1375457,20.231,294605.1
1376069,20.172,294031.7
1376477,20.133,293649.4
1376885,20.094,293267.2
1377293,20.036,292693.8
1377905,19.977,292120.4
1378313,19.938,291738.1
1378721,19.899,291355.8
1379129,19.860,290973.6
1379741,19.802,290400.2
1380149,19.763,290017.9
1380557,19.724,289635.7
1381169,19.665,289062.2
1381577,19.626,288680.0
1381985,19.588,288297.8
1383005,19.490,287342.1
1383413,19.451,286959.8
1383821,19.412,286577.6
1384433,19.354,286004.2
1384841,19.315,285621.9
1385249,19.276,285239.6
1385861,19.217,284666.2
1386269,19.178,284284.0
1386677,19.139,283901.7
1387289,19.081,283328.3
1387697,19.022,282754.9
1388105,18.983,282372.6
1388513,18.944,281990.4
1389125,18.886,281417.0
1389533,18.847,281034.7
1390145,18.788,280461.3
1390553,18.749,280079.1
1390961,18.710,279696.8
1391369,18.671,279314.5
1391777,18.632,278932.2
1392389,18.574,278358.9
1393409,18.477,277403.2
1393817,18.438,277020.9
1394225,18.399,276638.7
1394633,18.360,276256.4
1395245,18.301,275683.0
1395653,18.262,275300.8
1396061,18.223,274918.5
1396469,18.184,274536.2
1396877,18.145,274153.9
1397489,18.087,273580.6
1398101,18.009,272816.0
1398509,17.970,272433.8
1398917,17.931,272051.5
1399325,17.892,271669.2
1399733,17.853,271287.0
1400141,17.814,270904.7
1400753,17.755,270331.3
1401365,17.697,269757.9
1401773,17.658,269375.7
1402181,17.619,268993.4
1402589,17.580,268611.1
1402997,17.541,268228.9
1403609,17.483,267655.5
1404017,17.444,267273.2
1404425,17.405,266890.9
1405445,17.307,265935.3
1405853,17.268,265553.0
1406261,17.229,265170.8
1406873,17.171,264597.4
1407281,17.132,264215.1
1407689,17.093,263832.8
1408097,17.034,263259.4
1408709,16.976,262686.1
1409117,16.937,262303.8
1409525,16.898,261921.5
1409933,16.859,261539.3
1410341,16.820,261157.0
1411565,16.703,260010.2
1411973,16.664,259627.9
1412381,16.625,259245.7
1412789,16.586,258863.4
1413197,16.547,258481.1
1413809,16.489,257907.7
1414217,16.450,257525.5
1415237,16.352,256569.8
1415441,16.333,256378.7
1416053,16.274,255805.3
1416461,16.235,255423.0
1417073,16.177,254849.6
1417481,16.138,254467.4
1417889,16.099,254085.1
1418297,16.040,253511.7
1418909,15.982,252938.3
1419317,15.943,252556.0
1419929,15.884,251982.6
1420337,15.845,251600.4
1420745,15.806,251218.1
1421153,15.767,250835.8
1421765,15.709,250262.5
1422173,15.670,249880.2
1423193,15.573,248924.5
1423601,15.534,248542.3
1424009,15.495,248160.0
1425029,15.397,247204.3
1425437,15.358,246822.1
1425845,15.319,246439.8
1426457,15.261,245866.4
1426865,15.222,245484.1
1427273,15.183,245101.9
1428293,15.066,243955.1
1428701,15.027,243572.8
1429109,14.988,243190.6
1429517,14.949,242808.3
1430129,14.890,242234.9
1430537,14.851,241852.6
1430945,14.812,241470.4
1431557,14.754,240897.0
1431965,14.715,240514.7
1432373,14.676,240132.5
1433393,14.579,239176.8
1433801,14.540,238794.5
1434210,14.501,238412.3
1434617,14.462,238030.0
1435229,14.403,237456.6
1435637,14.364,237074.3
1436657,14.267,236118.7
1437065,14.228,235736.4
1437473,14.189,235354.1
1438493,14.072,234207.4
1438901,14.033,233825.1
1439309,13.994,233442.8
1439717,13.955,233060.6
1440125,13.916,232678.3
1441349,13.799,231531.5
1441757,13.760,231149.3
1442165,13.721,230767.0
1442573,13.682,230384.7
1443593,13.585,229429.0
1444001,13.546,229046.8
1444613,13.487,228473.4
1445021,13.448,228091.1
1445633,13.390,227517.7
1446041,13.351,227135.5
1446245,13.331,226944.3
1446857,13.273,226370.9
1447877,13.175,225415.3
1448285,13.136,225033.0
1448693,13.078,224459.6
1449713,12.980,223504.0
1450733,12.883,222548.3
1451141,12.844,222166.0
1451549,12.805,221783.8
1451957,12.766,221401.5
1452365,12.727,221019.2
1452977,12.669,220445.8
1453589,12.610,219872.5
1453997,12.571,219490.2
1454405,12.532,219107.9
1454813,12.493,218725.7
1455221,12.454,218343.4
1455629,12.415,217961.1
1456241,12.357,217387.8
1456649,12.318,217005.5
1457057,12.279,216623.2
1457465,12.240,216241.0
1458077,12.181,215667.6
1459097,12.064,214520.8
1459505,12.025,214138.5
1459913,11.986,213756.2
1460321,11.947,213374.0
1460933,11.889,212800.6
1461341,11.850,212418.3
1461749,11.811,212036.0
1462769,11.714,211080.4
1463177,11.675,210698.1
1464197,11.577,209742.5
1464605,11.538,209360.2
1465013,11.499,208977.9
1465421,11.460,208595.7
1465829,11.421,208213.4
1466441,11.363,207640.0
1467053,11.304,207066.6
1467461,11.265,206684.3
1467869,11.226,206302.1
1468277,11.187,205919.8
1469297,11.070,204773.0
1469705,11.031,204390.8
1470113,10.992,204008.5
1471133,10.895,203052.8
1471541,10.856,202670.6
1471949,10.817,202288.3
1472565,10.759,201714.9
1472973,10.720,201332.7
1473381,10.681,200950.4
1474401,10.583,199994.7
1474809,10.544,199612.4
1475421,10.486,199039.0
1475829,10.447,198656.8
1476237,10.408,198274.5
1477257,10.310,197318.9
1477665,10.271,196936.6
1478685,10.174,195980.9
1478889,10.154,195789.8
1480521,9.979,194069.6
1480929,9.940,193687.4
1481337,9.901,193305.1
1481745,9.862,192922.8
1482153,9.823,192540.6
1482765,9.765,191967.2
1483173,9.726,191584.9
1483581,9.687,191202.6
1483989,9.648,190820.4
1484601,9.589,190247.0
1485009,9.550,189864.7
1485417,9.511,189482.4
1485825,9.472,189100.2
1486233,9.433,188717.9
1486845,9.375,188144.5
1487253,9.336,187762.3
1487661,9.297,187380.0
1488681,9.199,186424.3
1489089,9.160,186042.1
1489497,9.102,185468.7
1489905,9.063,185086.4
1490313,9.024,184704.2
1490925,8.965,184130.8
1491333,8.926,183748.5
1491741,8.887,183366.2
1492149,8.848,182984.0
1492761,8.790,182410.6
1493169,8.751,182028.3
1493577,8.712,181646.0
1493985,8.673,181263.8
1494393,8.634,180881.5
1495005,8.576,180308.1
1495413,8.537,179925.8
1495821,8.498,179543.6
1496229,8.459,179161.3
1496841,8.400,178587.9
1497249,8.361,178205.7
1497657,8.322,177823.4
1498065,8.283,177441.2
1498473,8.244,177058.9
1499085,8.186,176485.5
1499493,8.127,175912.1
1499901,8.088,175529.8
1500309,8.049,175147.5
1500921,7.991,174574.2
1501329,7.952,174191.9
1501737,7.913,173809.6
1502145,7.874,173427.4
1502553,7.835,173045.1
1503190,7.777,172471.7
1503598,7.738,172089.4
1504212,7.679,171516.0
1504620,7.640,171133.8
1505028,7.601,170751.5
1505436,7.562,170369.2
1505844,7.523,169987.0
1506456,7.465,169413.6
1506864,7.426,169031.3
1507272,7.387,168649.0
1507680,7.348,168266.8
1508292,7.289,167693.4
1508700,7.231,167120.0
1509108,7.192,166737.7
1509516,7.153,166355.5
1509924,7.114,165973.2
1510536,7.055,165399.8
1510944,7.016,165017.5
1511352,6.977,164635.3
1511760,6.938,164253.0
1512168,6.899,163870.8
1513188,6.802,162915.1
1513596,6.763,162532.8
1514004,6.724,162150.6
1514412,6.685,161768.3
1515432,6.588,160812.6
1515840,6.549,160430.4
1516249,6.510,160048.1
1516656,6.471,159665.8
1517064,6.432,159283.6
1517676,6.373,158710.2
1518084,6.334,158327.9
1518492,6.295,157945.7
1518900,6.237,157372.3
1519512,6.178,156798.9
1519920,6.139,156416.6
1520328,6.100,156034.3
1521348,6.003,155078.7
1521756,5.964,154696.4
1522164,5.925,154314.2
1522572,5.886,153931.9
1522980,5.847,153549.6
1523592,5.789,152976.2
1524000,5.750,152594.0
1524408,5.711,152211.7
1524816,5.672,151829.4
1525836,5.574,150873.8
1526244,5.535,150491.5
1526652,5.496,150109.2
1527060,5.457,149727.0
1528080,5.360,148771.3
1528488,5.321,148389.1
1529508,5.204,147242.3
1529916,5.165,146860.0
1530324,5.126,146477.8
1530732,5.087,146095.5
1531140,5.048,145713.2
1531752,4.989,145139.8
1532160,4.950,144757.5
1532568,4.911,144375.3
1532976,4.873,143993.0
1533387,4.834,143610.8
1533999,4.775,143037.4
1534407,4.736,142655.1
1534815,4.697,142272.8
1535223,4.658,141890.6
1535631,4.619,141508.3
1536243,4.561,140934.9
1536651,4.522,140552.7
1537059,4.483,140170.4
1537467,4.444,139788.1
1537875,4.405,139405.9
1538283,4.366,139023.6
1538895,4.288,138259.0
1539303,4.249,137876.8
1539711,4.210,137494.5
1540119,4.171,137112.2
1541139,4.073,136156.6
1541547,4.034,135774.3
1541955,3.995,135392.1
1542363,3.956,135009.8
1542975,3.898,134436.4
1543383,3.859,134054.2
1543791,3.820,133671.9
1544199,3.781,133289.6
1544607,3.742,132907.4
1545219,3.684,132334.0
1545627,3.645,131951.7
1546035,3.606,131569.4
1546443,3.567,131187.2
1547055,3.508,130613.8
1547463,3.469,130231.5
1547871,3.430,129849.2
1548279,3.391,129467.0
1548687,3.352,129084.7
1549707,3.235,127937.9
1550115,3.196,127555.7
1550523,3.157,127173.4
1551135,3.099,126600.0
1551543,3.060,126217.7
1551951,3.021,125835.5
1552359,2.982,125453.2
1553379,2.885,124497.6
1553787,2.846,124115.3
1554195,2.807,123733.0
1555215,2.709,122777.3
1555623,2.670,122395.1
1556031,2.631,122012.8
1556439,2.592,121630.6
1556847,2.553,121248.3
1557867,2.456,120292.6
1558275,2.417,119910.4
1558683,2.378,119528.1
1559091,2.339,119145.9
1559703,2.261,118381.3
1560111,2.222,117999.1
1560519,2.183,117616.8
1560927,2.144,117234.5
1561539,2.085,116661.1
1561743,2.066,116470.0
1562151,2.027,116087.8
1562763,1.968,115514.4
1563171,1.930,115132.1
1564191,1.832,114176.4
1564599,1.793,113794.1
1565007,1.754,113411.9
1566027,1.657,112456.2
1566435,1.618,112074.0
1566843,1.579,111691.7
1567251,1.540,111309.4
1567863,1.481,110736.0
1568271,1.442,110353.8
1568679,1.403,109971.5
1569087,1.364,109589.2
1569495,1.306,109015.9
1570107,1.247,108442.5
1570515,1.208,108060.2
1570923,1.169,107677.9
1571535,1.111,107104.5
1571943,1.072,106722.2
1572351,1.033,106340.0
1572759,0.994,105957.7
1573167,0.955,105575.5
1573575,0.916,105193.2
1574187,0.858,104619.8
1574595,0.819,104237.6
1575003,0.780,103855.3
1575411,0.741,103473.0
1576023,0.682,102899.6
1576431,0.643,102517.4
1576839,0.604,102135.1
1577247,0.565,101752.8
1577655,0.526,101370.6
