time_ms,depth_m
4577,0.551
5393,0.826
5801,0.964
6413,1.171
7025,1.377
7433,1.515
8045,1.722
8657,1.928
9677,2.341
10289,2.548
10697,2.686
11309,2.892
11921,3.099
12329,3.237
12941,3.443
13553,3.650
15185,4.201
15593,4.338
16205,4.545
16817,4.752
17225,4.889
17837,5.096
18449,5.303
18857,5.440
19877,5.854
20489,6.060
20897,6.198
21509,6.404
22121,6.611
22529,6.749
23141,6.955
23753,7.162
24773,7.506
25385,7.713
25793,7.851
26405,8.057
27017,8.264
27425,8.402
28649,8.815
29669,9.228
30281,9.434
30689,9.572
31913,9.985
32321,10.123
33137,10.399
34157,10.743
34769,10.950
35381,11.156
35993,11.363
36401,11.500
37217,11.776
38441,12.189
40073,12.809
41297,13.222
42521,13.635
42929,13.773
43745,14.048
44153,14.186
44969,14.462
45377,14.599
45989,14.806
46601,15.013
47213,15.219
48437,15.632
49049,15.839
49457,15.977
50273,16.321
51497,16.734
51905,16.872
53741,17.492
54353,17.698
54761,17.836
55577,18.111
55985,18.249
56801,18.525
57209,18.662
57821,18.869
58433,19.076
59657,19.489
60881,19.971
62105,20.384
62513,20.522
63129,20.728
63770,20.935
64586,21.210
64994,21.348
65606,21.555
66830,21.968
67442,22.174
68666,22.588
69074,22.794
69890,23.070
70298,23.207
71114,23.483
72134,23.827
72746,24.034
73358,24.240
75194,24.860
76418,25.273
76826,25.411
77642,25.687
79274,26.306
79886,26.513
80498,26.720
80906,26.857
81722,27.133
82130,27.270
82946,27.546
83966,27.890
84578,28.097
85190,28.303
85802,28.510
86414,28.717
87026,28.923
87434,29.061
88250,29.336
88658,29.474
89474,29.818
91106,30.369
92330,30.783
92738,30.920
93554,31.196
93962,31.333
94778,31.609
96410,32.160
97634,32.573
98246,32.780
98858,32.986
99266,33.124
100082,33.468
100490,33.606
101306,33.881
101714,34.019
102326,34.226
102938,34.432
103550,34.639
104774,35.052
105386,35.259
105794,35.397
106610,35.672
107018,35.810
107834,36.085
108242,36.223
109466,36.636
110078,36.912
111302,37.325
111914,37.531
112322,37.669
113138,37.945
114362,38.358
114770,38.495
115382,38.702
115994,38.909
116606,39.115
117218,39.322
118442,39.735
118850,39.873
119666,40.148
120074,40.355
120890,40.630
121298,40.768
121910,40.975
122522,41.181
123134,41.388
124994,42.008
126218,42.421
126830,42.627
127442,42.834
127850,42.972
128666,43.247
129074,43.454
129890,43.729
130298,43.867
130910,44.073
131522,44.280
133970,45.106
135194,45.520
135602,45.657
136418,45.933
136826,46.071
137438,46.277
138050,46.484
138662,46.690
139274,46.966
139886,47.172
140498,47.379
140906,47.517
141722,47.792
142130,47.930
142946,48.205
143354,48.343
143966,48.550
144578,48.756
145190,48.963
145802,49.169
147026,49.583
147434,49.720
148250,49.996
149474,50.478
149882,50.616
150494,50.822
151106,51.029
151718,51.235
152946,51.649
153558,51.855
153966,51.993
154782,52.268
155190,52.406
156006,52.682
157638,53.233
158250,53.439
158862,53.646
159474,53.921
160086,54.128
160494,54.265
161310,54.541
161718,54.679
162534,54.954
162942,55.092
163554,55.298
164778,55.712
165390,55.918
166614,56.331
167022,56.469
167838,56.745
168246,56.882
169062,57.158
170694,57.778
171306,57.984
172530,58.397
173142,58.604
173550,58.742
174366,59.017
174774,59.155
175590,59.430
175998,59.568
177222,59.981
177834,60.188
178446,60.394
179670,60.877
180078,61.014
180894,61.290
181302,61.427
182118,61.703
182526,61.841
183138,62.047
184590,62.529
184998,62.667
185610,62.874
186222,63.080
186834,63.287
187446,63.493
188058,63.700
188670,63.975
189078,64.113
189894,64.389
191118,64.802
191526,64.940
193974,65.766
194586,65.973
195198,66.179
195606,66.317
196422,66.592
196830,66.730
197646,67.005
198054,67.143
198666,67.350
199278,67.625
199890,67.832
201114,68.245
201726,68.452
202134,68.589
202950,68.865
204174,69.278
205194,69.622
207030,70.242
207642,70.449
208254,70.655
208662,70.793
209478,71.137
209886,71.275
210702,71.551
211110,71.688
212946,72.308
214170,72.721
214782,72.928
216006,73.341
216414,73.479
217230,73.754
217638,73.892
218862,74.305
219474,74.581
220086,74.787
220698,74.994
221310,75.200
221718,75.338
222534,75.614
222942,75.751
223758,76.027
224778,76.371
225390,76.578
226002,76.784
226614,76.991
227838,77.404
228246,77.542
229062,77.817
229470,78.024
230286,78.299
230694,78.437
231306,78.644
231918,78.850
232530,79.057
233142,79.263
233550,79.401
234366,79.677
234774,79.814
235590,80.090
236814,80.503
237834,80.847
238446,81.054
239058,81.261
239670,81.536
240894,81.949
241302,82.087
242118,82.362
242526,82.500
243342,82.776
243750,82.913
244590,83.189
244998,83.326
245814,83.602
246222,83.740
246834,83.946
247446,84.153
248058,84.359
248670,84.635
249282,84.841
249894,85.048
250302,85.186
251118,85.461
251526,85.599
252342,85.874
252750,86.012
253974,86.425
255198,86.839
255810,87.045
256422,87.252
256831,87.389
257646,87.665
258870,88.147
259278,88.285
261114,88.904
261726,89.111
262134,89.249
262950,89.524
263358,89.662
264174,89.937
265398,90.351
265806,90.488
267030,90.902
268254,91.315
268662,91.453
269478,91.797
269886,91.935
270702,92.210
271110,92.348
271926,92.623
272334,92.761
273558,92.979
273966,92.987
274374,92.995
274782,93.003
275190,93.010
275598,93.018
276006,93.026
276414,93.034
276822,93.041
277230,93.049
277638,93.057
278046,93.065
278454,93.073
278862,93.080
279270,93.092
279678,93.100
280086,93.108
280494,93.115
280902,93.123
281310,93.131
281718,93.139
282126,93.146
283146,93.166
283554,93.173
283962,93.181
284370,93.189
284778,93.197
285186,93.204
285594,93.212
286002,93.220
286410,93.228
286818,93.235
287226,93.243
287430,93.247
287838,93.255
288450,93.266
288858,93.274
289266,93.281
289674,93.293
290082,93.301
290490,93.308
290898,93.316
291306,93.324
291714,93.331
292122,93.339
292530,93.346
292938,93.354
293346,93.362
293754,93.369
294162,93.377
294570,93.385
294978,93.392
295386,93.400
295794,93.407
296202,93.415
296610,93.422
297018,93.430
297426,93.437
297834,93.445
298242,93.453
298854,93.464
299262,93.471
299670,93.483
300078,93.490
300486,93.497
300894,93.505
301302,93.512
301710,93.520
302118,93.527
302322,93.531
302730,93.538
303342,93.549
303750,93.557
304158,93.564
304566,93.572
304974,93.579
305382,93.586
305790,93.594
306198,93.601
306606,93.608
307014,93.616
307422,93.623
307830,93.630
308238,93.637
308646,93.645
309054,93.652
309666,93.663
310074,93.674
310482,93.681
310890,93.688
311298,93.695
311706,93.702
312114,93.710
312522,93.717
312930,93.724
313338,93.731
313746,93.738
313950,93.742
314358,93.749
314766,93.756
315378,93.766
315786,93.773
316194,93.780
316602,93.787
317010,93.794
317418,93.801
317826,93.808
318234,93.815
318642,93.822
319050,93.829
319458,93.836
319866,93.843
320274,93.853
320682,93.860
321090,93.867
321498,93.874
321906,93.880
322314,93.887
322722,93.894
323130,93.901
323538,93.907
323946,93.914
324354,93.921
324762,93.927
325170,93.934
325578,93.941
326598,93.957
327006,93.964
327414,93.970
327822,93.977
328230,93.983
328638,93.990
329046,93.996
329250,94.000
329658,94.006
330066,94.013
330474,94.022
330882,94.029
331290,94.035
331698,94.041
332106,94.048
332718,94.057
333126,94.064
333534,94.070
333942,94.076
334350,94.082
334758,94.089
335166,94.095
335574,94.101
335982,94.107
336390,94.113
336798,94.119
337206,94.126
337614,94.132
338022,94.138
338430,94.144
338838,94.150
339246,94.156
339654,94.162
340062,94.168
340470,94.177
340878,94.182
341286,94.188
341694,94.194
342102,94.200
342510,94.206
342918,94.212
343326,94.217
343734,94.223
344142,94.229
344550,94.235
344958,94.240
345366,94.246
345774,94.252
346182,94.257
346590,94.263
346998,94.268
347406,94.274
347814,94.280
348222,94.285
348630,94.291
349038,94.296
349446,94.301
349854,94.307
350262,94.312
350670,94.320
351078,94.326
351486,94.331
351894,94.336
352302,94.341
352710,94.347
353730,94.360
354138,94.365
354546,94.370
355362,94.380
355566,94.383
355974,94.388
356382,94.393
356790,94.398
357198,94.403
357606,94.408
358014,94.413
358422,94.417
358830,94.422
359238,94.427
359646,94.432
360054,94.437
360462,94.441
360870,94.449
361278,94.453
361890,94.460
362298,94.465
362706,94.469
363114,94.474
363522,94.479
363930,94.483
364338,94.488
364746,94.492
365154,94.497
365562,94.501
365970,94.505
366378,94.510
366786,94.514
367194,94.518
367602,94.523
368010,94.527
368418,94.531
368826,94.535
369234,94.540
369642,94.544
370050,94.548
370458,94.552
370866,94.556
371274,94.562
371682,94.566
372090,94.570
372498,94.574
372906,94.578
373314,94.582
373722,94.586
374130,94.589
374538,94.593
374946,94.597
375354,94.601
375762,94.604
376170,94.608
376578,94.612
376986,94.615
377394,94.619
377802,94.622
378210,94.626
378618,94.629
379026,94.633
379434,94.636
379842,94.640
380250,94.643
380658,94.647
381678,94.656
382086,94.660
382494,94.663
382902,94.666
383310,94.669
383718,94.672
384126,94.675
384534,94.679
384942,94.682
385146,94.683
385554,94.686
385962,94.689
386370,94.692
386778,94.695
387186,94.698
387594,94.701
388002,94.703
388410,94.706
388818,94.709
389226,94.712
389634,94.714
390042,94.717
390450,94.720
390858,94.722
391266,94.725
391674,94.729
392082,94.731
392490,94.733
392898,94.736
393306,94.738
393714,94.741
394122,94.743
394530,94.745
394938,94.748
395958,94.753
396366,94.755
396774,94.757
397182,94.759
397590,94.761
397998,94.764
398406,94.766
399222,94.769
399426,94.770
399834,94.772
400242,94.774
400650,94.776
401058,94.778
401466,94.780
401874,94.782
402282,94.784
402690,94.785
403098,94.787
403506,94.789
403914,94.790
404322,94.792
404730,94.793
405138,94.795
405546,94.796
405954,94.797
406362,94.799
406770,94.800
407178,94.801
407586,94.803
407994,94.804
408402,94.805
408810,94.806
409218,94.807
409626,94.809
410034,94.810
410442,94.811
410850,94.812
411258,94.813
411666,94.814
412074,94.815
412482,94.816
412890,94.817
413298,94.817
413706,94.818
414114,94.819
414522,94.820
414930,94.820
415338,94.821
415746,94.822
416154,94.822
416562,94.823
416970,94.823
417378,94.824
417786,94.824
418194,94.825
418602,94.825
419010,94.825
419418,94.826
419826,94.826
420234,94.826
420642,94.826
421050,94.826
421458,94.827
421866,94.827
422274,94.827
422682,94.827
423090,94.827
423498,94.827
423906,94.827
424314,94.827
424722,94.827
425130,94.826
425538,94.826
425946,94.826
426354,94.826
426762,94.825
427170,94.825
427578,94.825
427986,94.824
428394,94.824
428802,94.823
429210,94.823
429618,94.822
430026,94.822
430434,94.821
430842,94.821
431250,94.820
431658,94.819
432066,94.819
432474,94.817
432882,94.817
433290,94.816
433698,94.815
434106,94.814
434514,94.813
434922,94.812
435330,94.811
435738,94.810
436146,94.809
436554,94.808
436962,94.807
437370,94.806
437778,94.805
438186,94.803
438594,94.802
439002,94.801
439410,94.800
439818,94.798
440226,94.797
440634,94.795
441042,94.794
441450,94.792
441858,94.791
442266,94.789
442674,94.787
442878,94.786
443898,94.782
444102,94.781
444510,94.780
444918,94.778
445326,94.776
445734,94.774
446142,94.772
446550,94.770
446958,94.768
447366,94.767
447774,94.765
448182,94.763
448590,94.760
448998,94.758
449406,94.756
449814,94.754
450222,94.752
450630,94.750
451242,94.746
451650,94.744
452058,94.742
452466,94.739
452874,94.736
453284,94.733
453692,94.731
454100,94.729
454508,94.726
454916,94.723
455324,94.721
455732,94.718
456140,94.716
456548,94.713
456752,94.712
457160,94.709
457568,94.706
457976,94.703
458384,94.701
458792,94.698
459200,94.695
459608,94.692
460016,94.689
460424,94.686
460832,94.683
461240,94.680
461648,94.677
462056,94.674
462464,94.671
462872,94.666
463280,94.663
463688,94.660
464096,94.656
464504,94.653
464912,94.650
465524,94.645
465932,94.642
466340,94.638
466748,94.635
467156,94.631
467564,94.628
467972,94.624
468380,94.621
468788,94.617
469196,94.613
469604,94.610
470012,94.606
470420,94.602
470624,94.601
471032,94.597
471440,94.593
471848,94.589
472257,94.586
472664,94.582
473072,94.576
473480,94.572
474092,94.566
474500,94.562
474908,94.558
475316,94.554
476132,94.546
476540,94.542
476948,94.537
477356,94.533
477764,94.529
478172,94.525
478580,94.521
478988,94.516
479396,94.512
479804,94.508
480212,94.503
480620,94.499
481028,94.494
481436,94.490
481844,94.485
482252,94.481
482660,94.476
483476,94.465
483884,94.460
484292,94.456
485312,94.444
485720,94.439
486128,94.434
486536,94.430
486944,94.425
487352,94.420
487760,94.415
488168,94.410
488576,94.405
488984,94.400
489392,94.395
489800,94.390
490208,94.385
490616,94.380
491024,94.375
491432,94.370
491840,94.365
492248,94.360
492656,94.354
493064,94.349
493472,94.341
493880,94.336
494288,94.331
494696,94.326
495104,94.320
495512,94.315
495920,94.310
496328,94.304
496736,94.299
497144,94.293
497552,94.288
497960,94.282
498368,94.277
498776,94.271
499184,94.266
499592,94.260
500000,94.254
500408,94.249
501020,94.240
501428,94.235
501836,94.229
502244,94.223
502652,94.217
503060,94.212
503468,94.203
503876,94.197
504284,94.191
504692,94.185
505100,94.180
505508,94.174
505916,94.168
506120,94.165
506528,94.159
506936,94.153
507344,94.147
507956,94.138
508364,94.132
508772,94.126
509180,94.119
509588,94.113
509996,94.107
510404,94.101
510812,94.095
511220,94.089
511628,94.082
512036,94.076
512444,94.070
512852,94.064
513260,94.057
513668,94.048
514076,94.041
514688,94.032
515096,94.025
515504,94.019
515912,94.013
516320,94.006
516728,94.000
516932,93.996
517340,93.990
517748,93.983
518156,93.977
518564,93.970
518972,93.964
519380,93.957
519788,93.951
520400,93.941
520808,93.934
521216,93.927
521624,93.921
522032,93.914
522440,93.907
522848,93.901
523256,93.894
523664,93.887
524072,93.877
524480,93.870
524888,93.863
525296,93.856
525704,93.850
526112,93.843
526520,93.836
526928,93.829
527336,93.822
527744,93.815
528152,93.808
528560,93.801
528968,93.794
529376,93.787
529784,93.780
530396,93.770
530804,93.763
531212,93.756
531620,93.749
532028,93.742
532436,93.734
532844,93.727
533252,93.720
533660,93.713
534068,93.702
534476,93.695
534884,93.688
535292,93.681
535700,93.674
536108,93.666
536516,93.659
537536,93.641
537944,93.634
538352,93.627
538760,93.619
539168,93.612
539576,93.605
539780,93.601
540392,93.590
540800,93.583
541208,93.575
541616,93.568
542024,93.561
542432,93.553
542840,93.546
543248,93.538
543656,93.531
544064,93.524
544472,93.512
544880,93.505
545492,93.494
545696,93.490
546104,93.483
546512,93.475
546920,93.468
547328,93.460
547736,93.453
548756,93.434
549164,93.426
549572,93.419
549980,93.411
550388,93.403
550796,93.396
551204,93.388
551612,93.381
552020,93.373
552428,93.366
552836,93.358
553244,93.350
553652,93.343
554060,93.335
554468,93.324
554876,93.316
555284,93.308
555692,93.301
556100,93.293
556508,93.285
556916,93.278
557324,93.270
557732,93.262
558140,93.255
558548,93.247
559160,93.235
559568,93.228
559976,93.220
560384,93.212
560792,93.204
561200,93.197
561608,93.189
562016,93.181
562424,93.173
562832,93.166
563240,93.158
563648,93.150
564056,93.143
564464,93.135
564872,93.123
565280,93.115
565688,93.108
566096,93.100
566504,93.092
566912,93.084
567320,93.076
567728,93.069
568136,93.061
568544,93.053
568952,93.045
569564,93.034
569972,93.026
570380,93.018
570788,93.010
571196,93.003
571604,92.995
572012,92.987
572420,92.979
572828,92.971
573236,92.964
573644,92.956
574052,92.948
574460,92.940
574868,92.929
575276,92.921
575684,92.913
576092,92.905
576500,92.897
576908,92.890
577316,92.882
577724,92.874
578132,92.866
578540,92.859
579560,92.839
579968,92.831
580376,92.824
580784,92.816
581192,92.808
581600,92.800
582008,92.793
582416,92.785
582824,92.777
583232,92.769
583640,92.762
584048,92.754
584456,92.746
584864,92.738
585272,92.727
586292,92.707
586700,92.700
587108,92.692
587516,92.684
587924,92.677
588740,92.661
588944,92.657
589352,92.650
589964,92.638
590372,92.631
590780,92.623
591188,92.615
591596,92.608
592004,92.600
592412,92.592
592820,92.585
593228,92.577
593636,92.570
594044,92.562
594452,92.554
594860,92.547
595472,92.532
595880,92.524
596288,92.516
596696,92.509
597104,92.501
597512,92.494
597920,92.486
598328,92.479
598736,92.471
599144,92.464
599348,92.460
599756,92.453
600368,92.441
600776,92.434
601184,92.426
601592,92.419
602000,92.412
602408,92.404
602816,92.397
603224,92.389
603632,92.382
604040,92.374
604448,92.367
604857,92.360
605264,92.352
605672,92.341
606284,92.330
606692,92.323
607100,92.316
607508,92.308
607916,92.301
608324,92.294
608732,92.287
609140,92.279
609548,92.272
609956,92.265
610364,92.258
610772,92.251
611384,92.240
611792,92.233
612200,92.226
612608,92.218
613016,92.211
613424,92.204
613832,92.197
614240,92.190
614648,92.183
615056,92.176
615464,92.169
615872,92.158
616076,92.155
616688,92.144
617096,92.137
617504,92.130
617912,92.123
618320,92.116
618728,92.110
619136,92.103
619544,92.096
619952,92.089
620360,92.082
620768,92.075
621176,92.068
621584,92.062
621992,92.055
622400,92.048
623012,92.038
623420,92.031
623828,92.024
624236,92.018
624644,92.011
625052,92.004
625460,91.998
625868,91.988
626276,91.981
626480,91.978
627092,91.968
627500,91.961
627908,91.955
628316,91.948
628724,91.942
629132,91.935
629540,91.929
629948,91.922
630356,91.916
630764,91.910
631172,91.903
631580,91.897
631988,91.890
632396,91.884
632804,91.878
633212,91.871
633620,91.865
634028,91.859
635048,91.843
635456,91.837
635864,91.831
636272,91.822
636680,91.816
637088,91.810
637496,91.803
637904,91.797
638312,91.791
638720,91.785
639128,91.779
639536,91.773
639944,91.767
640352,91.761
640760,91.756
641168,91.750
641576,91.744
641984,91.738
642392,91.732
642800,91.726
643208,91.720
643616,91.715
644024,91.709
644432,91.703
644840,91.698
645248,91.692
645656,91.686
646064,91.681
646472,91.672
646880,91.667
647288,91.661
647696,91.656
648104,91.650
649124,91.636
649532,91.631
649940,91.626
650348,91.620
650756,91.615
651164,91.609
651572,91.604
651980,91.599
652388,91.594
652796,91.588
653204,91.583
653612,91.578
654020,91.573
654428,91.568
654836,91.563
655244,91.557
655652,91.552
656060,91.547
656468,91.540
656876,91.535
657488,91.527
657896,91.523
658304,91.518
658712,91.513
659120,91.508
659528,91.503
659936,91.498
660344,91.494
660956,91.486
661364,91.482
661772,91.477
662180,91.472
662792,91.466
663200,91.461
663608,91.456
664016,91.452
664424,91.447
665036,91.441
665240,91.439
665648,91.434
666056,91.430
666464,91.425
666872,91.419
667892,91.408
668708,91.400
669116,91.396
669320,91.393
669728,91.389
670136,91.385
670544,91.381
670952,91.377
671360,91.373
671768,91.369
672176,91.365
672584,91.361
672992,91.357
673400,91.353
673808,91.350
674420,91.344
674828,91.340
675236,91.336
675644,91.333
676052,91.329
676460,91.325
676868,91.320
677276,91.316
677684,91.313
678092,91.309
678500,91.306
678908,91.302
679316,91.299
679724,91.295
680132,91.292
680540,91.288
680948,91.285
681356,91.282
681764,91.279
682172,91.275
682580,91.272
682988,91.269
683396,91.266
683804,91.263
684212,91.260
684620,91.256
685028,91.253
685436,91.250
685844,91.247
686252,91.245
686660,91.242
687068,91.237
687476,91.234
687884,91.232
688292,91.229
688700,91.226
689108,91.223
689516,91.221
689924,91.218
690332,91.215
690740,91.213
691148,91.210
691556,91.208
691964,91.205
692372,91.203
692780,91.200
693188,91.198
693596,91.196
694004,91.193
694412,91.191
694820,91.189
695228,91.186
695636,91.184
696044,91.182
696452,91.180
696860,91.178
697268,91.175
697676,91.173
698084,91.171
698492,91.169
698900,91.167
699308,91.165
699716,91.163
700124,91.161
700532,91.159
700940,91.157
701348,91.156
701756,91.154
702164,91.152
702572,91.150
703184,91.148
703592,91.146
704000,91.145
704408,91.143
704816,91.142
705224,91.140
705632,91.139
706040,91.138
706448,91.136
706856,91.135
707264,91.134
707672,91.132
708080,91.130
708488,91.129
708896,91.128
709304,91.127
709712,91.126
710120,91.125
710528,91.124
710936,91.123
711344,91.122
711752,91.121
712160,91.120
712568,91.119
712976,91.118
713384,91.118
713792,91.117
714200,91.116
714608,91.115
715016,91.115
715424,91.114
715832,91.113
716240,91.113
716648,91.112
717056,91.112
717464,91.111
717872,91.111
718280,91.110
718688,91.110
719096,91.110
719504,91.109
719912,91.109
720320,91.109
720728,91.109
721136,91.109
721544,91.108
721952,91.108
722360,91.108
722768,91.108
723176,91.108
723584,91.108
724196,91.108
724400,91.108
724808,91.109
725216,91.109
725624,91.109
726032,91.109
726440,91.109
726848,91.110
727256,91.110
727664,91.110
728072,91.111
728480,91.111
728888,91.112
729296,91.112
729704,91.113
730112,91.113
730520,91.114
730928,91.115
731336,91.115
731744,91.116
732152,91.117
732560,91.118
732968,91.118
733376,91.119
733784,91.120
734192,91.121
734600,91.122
735008,91.123
735416,91.124
735824,91.125
736232,91.126
736640,91.127
737048,91.128
737456,91.129
737864,91.130
738272,91.132
738680,91.134
739088,91.135
739496,91.136
739904,91.138
740312,91.139
740720,91.140
741128,91.142
741536,91.143
741944,91.145
742352,91.146
742760,91.148
743168,91.150
743576,91.151
744188,91.154
744596,91.156
745004,91.157
745412,91.159
745820,91.161
746228,91.163
746636,91.165
747044,91.167
747452,91.169
747860,91.171
748268,91.174
748676,91.176
749084,91.178
749492,91.180
749900,91.182
750308,91.184
750716,91.186
751124,91.189
751532,91.191
751940,91.193
752348,91.196
752756,91.198
753572,91.203
753980,91.205
754388,91.208
754796,91.210
755204,91.213
755612,91.215
756020,91.218
756428,91.221
756836,91.223
757244,91.226
757652,91.229
758060,91.232
758468,91.236
758876,91.239
759284,91.242
759692,91.245
760100,91.247
760508,91.250
760916,91.253
761324,91.256
761732,91.260
762140,91.263
762548,91.266
762956,91.269
763364,91.272
763772,91.275
764180,91.279
764588,91.282
764996,91.285
765404,91.288
765813,91.292
766220,91.295
766628,91.299
767036,91.302
767444,91.306
767852,91.309
768260,91.313
768668,91.318
769076,91.322
769484,91.325
769892,91.329
770300,91.333
770708,91.336
771116,91.340
771524,91.344
771932,91.348
772340,91.351
772952,91.357
773360,91.361
773768,91.365
774176,91.369
774584,91.373
774992,91.377
775400,91.381
775808,91.385
776216,91.389
776624,91.393
777032,91.398
777440,91.402
777848,91.406
778256,91.410
778664,91.415
779072,91.421
779480,91.425
779888,91.430
780296,91.434
780704,91.439
781112,91.443
781520,91.447
781928,91.452
782540,91.459
782948,91.463
783156,91.466
783564,91.470
784176,91.477
784584,91.482
784992,91.486
785400,91.491
785808,91.496
786216,91.501
786624,91.506
787032,91.510
787440,91.515
787848,91.520
788256,91.525
788664,91.530
789072,91.537
789480,91.542
789888,91.547
790296,91.552
790908,91.560
791316,91.565
791928,91.573
792336,91.578
792744,91.583
793152,91.588
793560,91.594
793968,91.599
794376,91.604
794784,91.609
795396,91.617
795804,91.623
796212,91.628
796620,91.634
797028,91.639
797436,91.645
797844,91.650
798252,91.656
798660,91.661
799068,91.669
799476,91.675
799884,91.681
800496,91.689
800904,91.695
801312,91.700
801720,91.706
801924,91.709
802332,91.715
802740,91.720
803148,91.726
803556,91.732
803964,91.738
804372,91.744
804780,91.750
805399,91.758
805807,91.764
806215,91.770
806623,91.776
807031,91.782
807439,91.788
807847,91.794
808255,91.800
808663,91.806
809071,91.816
809479,91.822
809887,91.828
810295,91.834
810703,91.840
811111,91.846
812131,91.862
812539,91.868
812947,91.875
813355,91.881
813763,91.887
814171,91.894
814579,91.900
814987,91.906
815395,91.913
815803,91.919
816211,91.926
816619,91.932
817027,91.939
817435,91.945
817843,91.952
818251,91.958
818659,91.965
819067,91.971
819475,91.981
819883,91.988
820291,91.994
820699,92.001
821107,92.008
821515,92.014
821923,92.021
822331,92.028
822739,92.034
823147,92.041
823555,92.048
824575,92.065
824983,92.072
825391,92.079
825799,92.085
826207,92.092
826615,92.099
827023,92.106
827431,92.113
827839,92.120
828247,92.127
828655,92.134
829063,92.141
829471,92.151
830083,92.162
830491,92.169
830899,92.176
831307,92.183
831715,92.190
832123,92.197
832531,92.204
832939,92.211
833347,92.218
833755,92.226
834163,92.233
834571,92.240
834979,92.247
835387,92.254
835795,92.261
836203,92.269
836611,92.276
837019,92.283
837427,92.290
837835,92.298
838243,92.305
838651,92.312
839059,92.319
839467,92.327
839875,92.338
840283,92.345
840691,92.352
841329,92.363
841737,92.371
842145,92.378
842553,92.386
842961,92.393
843373,92.400
843781,92.408
844189,92.415
844597,92.423
845005,92.430
845413,92.438
845821,92.445
846229,92.453
846841,92.464
847249,92.471
847657,92.479
848065,92.486
848473,92.498
848881,92.505
849289,92.513
849697,92.520
850105,92.528
850513,92.535
850921,92.543
851941,92.562
852349,92.570
852757,92.577
853165,92.585
853573,92.592
853981,92.600
854185,92.604
854593,92.611
855001,92.619
855409,92.627
855817,92.634
856429,92.646
856837,92.654
857245,92.661
857653,92.669
858061,92.677
858469,92.688
858877,92.696
859285,92.704
859693,92.711
860101,92.719
860509,92.727
860917,92.734
861325,92.742
861733,92.750
862345,92.762
862753,92.769
863161,92.777
863569,92.785
863977,92.793
864385,92.800
864793,92.808
865201,92.816
865609,92.824
866017,92.831
866425,92.839
866833,92.847
867445,92.859
867853,92.866
868261,92.874
869077,92.894
869281,92.897
869689,92.905
870097,92.913
870505,92.921
870913,92.929
871321,92.936
871933,92.948
872341,92.956
872749,92.964
873157,92.942
873769,92.866
874177,92.815
874789,92.738
875197,92.687
875605,92.636
876836,92.484
877244,92.433
877652,92.382
878672,92.229
879080,92.178
879488,92.127
880100,92.051
880508,92.000
881120,91.923
881528,91.872
882140,91.796
883160,91.669
884180,91.541
884588,91.490
885608,91.363
886016,91.312
887068,91.159
888088,91.032
888496,90.981
889516,90.853
890536,90.726
891556,90.599
891964,90.548
892576,90.471
892984,90.420
893392,90.370
894412,90.242
895024,90.166
895432,90.115
895840,90.064
896248,90.013
896860,89.937
897485,89.835
897893,89.784
898301,89.733
898913,89.656
899321,89.605
899729,89.554
900749,89.427
901361,89.351
901769,89.300
902381,89.223
902789,89.172
903197,89.121
903809,89.045
904446,88.969
904854,88.918
905262,88.867
906282,88.714
907302,88.587
907710,88.536
908322,88.459
908730,88.408
909342,88.332
909750,88.281
910158,88.230
910770,88.154
911178,88.103
911586,88.052
911994,88.001
912606,87.924
913830,87.772
914238,87.721
914646,87.670
915054,87.619
915666,87.542
916074,87.466
916686,87.389
917094,87.339
917706,87.262
918114,87.211
918726,87.135
919134,87.084
919542,87.033
920154,86.956
920562,86.906
920970,86.855
921378,86.804
923214,86.574
923622,86.523
924030,86.473
925050,86.345
925458,86.294
925866,86.243
927090,86.066
927498,86.014
927906,85.963
929538,85.759
929946,85.708
930354,85.657
930762,85.607
931374,85.530
931782,85.479
932190,85.428
933006,85.326
933414,85.275
934434,85.148
934842,85.097
935862,84.970
936882,84.817
937902,84.690
938310,84.639
938922,84.562
939330,84.511
939738,84.460
940146,84.409
940758,84.333
941166,84.282
942186,84.155
942594,84.104
943206,84.027
943818,83.951
944226,83.900
944634,83.849
945246,83.773
945654,83.722
946062,83.671
946470,83.594
947286,83.492
947694,83.442
948714,83.314
949122,83.263
949530,83.212
950142,83.136
950550,83.085
950958,83.034
951570,82.958
951978,82.907
952590,82.830
952794,82.805
954018,82.652
954630,82.576
955038,82.525
955446,82.474
956466,82.346
956874,82.270
957486,82.193
957894,82.143
958506,82.066
959526,81.939
959934,81.888
960954,81.760
961362,81.710
961770,81.659
962178,81.608
962790,81.531
963430,81.455
964042,81.378
964450,81.327
964858,81.277
965266,81.226
966082,81.098
966490,81.047
966898,80.996
967306,80.945
967918,80.869
968326,80.818
968938,80.742
969346,80.691
969754,80.640
970366,80.563
970774,80.512
971386,80.436
971794,80.385
972202,80.334
972814,80.258
973222,80.207
973834,80.130
974242,80.079
974650,80.028
975262,79.952
975874,79.850
976282,79.799
976690,79.748
977302,79.672
977710,79.621
978118,79.570
978730,79.494
979750,79.366
980158,79.315
980566,79.264
982198,79.061
982606,79.010
983014,78.959
983422,78.908
984646,78.755
985054,78.704
985462,78.653
986074,78.551
986482,78.500
987094,78.424
987502,78.373
988114,78.296
989134,78.169
989542,78.118
989950,78.067
990970,77.940
991582,77.863
991990,77.813
992398,77.762
992806,77.711
993418,77.634
993826,77.583
994642,77.481
995050,77.430
995458,77.380
995866,77.329
996478,77.227
997090,77.150
997498,77.099
998518,76.972
999538,76.845
999946,76.794
1000354,76.743
1000966,76.666
1001374,76.615
1002394,76.488
1002802,76.437
1003414,76.361
1003822,76.310
1004434,76.233
1004842,76.182
1005250,76.131
1005862,76.055
1006474,75.953
1006882,75.902
1007290,75.851
1008310,75.724
1009330,75.597
1009738,75.546
1010350,75.469
1010758,75.418
1011370,75.342
1011778,75.291
1012186,75.240
1012798,75.164
1013206,75.113
1013614,75.062
1014022,75.011
1014634,74.934
1015246,74.858
1016266,74.731
1016674,74.654
1017082,74.603
1017694,74.527
1018102,74.476
1019122,74.349
1019734,74.272
1020142,74.221
1020550,74.170
1020958,74.119
1022182,73.966
1022590,73.916
1022998,73.865
1024043,73.737
1025267,73.584
1025675,73.508
1026083,73.457
1026491,73.406
1027103,73.330
1027715,73.253
1028123,73.202
1028531,73.151
1028939,73.100
1029551,73.024
1030163,72.948
1030571,72.897
1030979,72.846
1031591,72.769
1031999,72.718
1032611,72.642
1033019,72.591
1033427,72.540
1034039,72.464
1034447,72.413
1035059,72.336
1035467,72.285
1035875,72.209
1037099,72.056
1037507,72.005
1037915,71.954
1038323,71.903
1038935,71.827
1039343,71.776
1039751,71.725
1040381,71.649
1040993,71.572
1041401,71.521
1041809,71.470
1042217,71.419
1042829,71.343
1043441,71.267
1043849,71.216
1044257,71.165
1044665,71.114
1045277,71.012
1045889,70.936
1046501,70.859
1046705,70.834
1047317,70.757
1047725,70.706
1048337,70.630
1048745,70.579
1049153,70.528
1049765,70.452
1050394,70.375
1050802,70.324
1051210,70.273
1051618,70.222
1052842,70.069
1053253,70.019
1053661,69.968
1054069,69.891
1054681,69.815
1055089,69.764
1055701,69.687
1056109,69.637
1056721,69.560
1057129,69.509
1057741,69.433
1058149,69.382
1058557,69.331
1059169,69.254
1059577,69.204
1059985,69.153
1060615,69.076
1061023,69.025
1061635,68.949
1062043,68.898
1062451,68.847
1063063,68.771
1063471,68.694
1064083,68.618
1065103,68.490
1066123,68.363
1066531,68.312
1066939,68.261
1067347,68.210
1068571,68.057
1068979,68.006
1069387,67.955
1069795,67.904
1070407,67.828
1071037,67.752
1071445,67.701
1072465,67.573
1072873,67.497
1073893,67.370
1074505,67.293
1074913,67.242
1075321,67.191
1075933,67.115
1076341,67.064
1076749,67.013
1077361,66.937
1077769,66.886
1078177,66.835
1078789,66.758
1079197,66.707
1079809,66.631
1080217,66.580
1080625,66.529
1081867,66.376
1082275,66.300
1082683,66.249
1083295,66.173
1083932,66.096
1084340,66.045
1084748,65.994
1085156,65.943
1085768,65.867
1086788,65.740
1087808,65.612
1088216,65.561
1088624,65.510
1089236,65.434
1089644,65.383
1090664,65.256
1091294,65.154
1091702,65.103
1092110,65.052
1092518,65.001
1093334,64.899
1093742,64.848
1094150,64.797
1094558,64.746
1095170,64.670
1095578,64.619
1096598,64.491
1097006,64.441
1097618,64.364
1098638,64.237
1099046,64.186
1099454,64.135
1100066,64.058
1100474,63.982
1100882,63.931
1101494,63.855
1101902,63.804
1103126,63.651
1103330,63.625
1104554,63.473
1104962,63.422
1105982,63.294
1106390,63.243
1107002,63.167
1107410,63.116
1107818,63.065
1108226,63.014
1109450,62.861
1109858,62.810
1110266,62.759
1111286,62.607
1111898,62.530
1112306,62.479
1112714,62.428
1113326,62.352
1113734,62.301
1114346,62.225
1115366,62.097
1115774,62.046
1116182,61.995
1116794,61.919
1117406,61.843
1117610,61.817
1118222,61.741
1118834,61.664
1119242,61.613
1119650,61.562
1120058,61.511
1121282,61.333
1121690,61.282
1122098,61.231
1122710,61.155
1123730,61.027
1124138,60.977
1124546,60.926
1125158,60.849
1125566,60.798
1125974,60.747
1126586,60.671
1126994,60.620
1127606,60.544
1128218,60.467
1128626,60.416
1129034,60.365
1129442,60.314
1130054,60.238
1130462,60.187
1130870,60.111
1131482,60.034
1132094,59.958
1132502,59.907
1133114,59.830
1133522,59.779
1134542,59.652
1134950,59.601
1135358,59.550
1135766,59.499
1136582,59.397
1136990,59.346
1137602,59.270
1138010,59.219
1138418,59.168
1139438,59.041
1139846,58.990
1140866,58.862
1141274,58.786
1141886,58.710
1142294,58.659
1142702,58.608
1143314,58.531
1143926,58.455
1144334,58.404
1144946,58.328
1145354,58.277
1145762,58.226
1146374,58.149
1146986,58.073
1147394,58.022
1147802,57.971
1148210,57.920
1148822,57.844
1149434,57.767
1149842,57.716
1150250,57.665
1150658,57.614
1151270,57.513
1151678,57.462
1152290,57.385
1152698,57.334
1153310,57.258
1153718,57.207
1154330,57.130
1154738,57.080
1155146,57.029
1155758,56.952
1156166,56.901
1156574,56.850
1156982,56.799
1158818,56.570
1159226,56.519
1159634,56.468
1160654,56.341
1161266,56.264
1161470,56.214
1162082,56.137
1162694,56.061
1163714,55.933
1164122,55.882
1164530,55.831
1165142,55.755
1165550,55.704
1165958,55.653
1166366,55.602
1167590,55.449
1168202,55.373
1168610,55.322
1169018,55.271
1169426,55.220
1170038,55.144
1170446,55.093
1171466,54.965
1171874,54.889
1172486,54.813
1173098,54.736
1173506,54.685
1173914,54.634
1174526,54.558
1174934,54.507
1175342,54.456
1176362,54.329
1176974,54.252
1177382,54.201
1177994,54.125
1178402,54.074
1178810,54.023
1179422,53.947
1179830,53.896
1180238,53.845
1180850,53.768
1181258,53.717
1181870,53.616
1182278,53.565
1182890,53.488
1183298,53.437
1183910,53.361
1184318,53.310
1184726,53.259
1185746,53.132
1186358,53.055
1186766,53.004
1187174,52.953
1187582,52.902
1188806,52.750
1189214,52.699
1190234,52.571
1190642,52.520
1191050,52.469
1193294,52.164
1193702,52.113
1194110,52.062
1194518,52.011
1195130,51.934
1195538,51.884
1195946,51.833
1196558,51.756
1196966,51.705
1197578,51.629
1197986,51.578
1198598,51.501
1199006,51.451
1199618,51.374
1200026,51.323
1200434,51.272
1201454,51.145
1202066,51.068
1202474,50.992
1202882,50.941
1203494,50.865
1203902,50.814
1204539,50.737
1205151,50.661
1205559,50.610
1205967,50.559
1206375,50.508
1206987,50.432
1207395,50.381
1207803,50.330
1209027,50.177
1210047,50.050
1210455,49.999
1210863,49.948
1211475,49.846
1211883,49.795
1213515,49.591
1214535,49.464
1214943,49.413
1215351,49.362
1215759,49.311
1216371,49.235
1216779,49.184
1217187,49.133
1217799,49.056
1218207,49.005
1219431,48.853
1219839,48.802
1220247,48.751
1220859,48.674
1221267,48.623
1221675,48.547
1222287,48.470
1222899,48.394
1223307,48.343
1223919,48.267
1224735,48.165
1225143,48.114
1225755,48.037
1226163,47.987
1226571,47.936
1227183,47.859
1227591,47.808
1227999,47.757
1229019,47.630
1229631,47.554
1230243,47.477
1230651,47.426
1231059,47.375
1232079,47.222
1232487,47.171
1233099,47.095
1233507,47.044
1234119,46.968
1235139,46.840
1235547,46.789
1235955,46.738
1236567,46.662
1236975,46.611
1237383,46.560
1237791,46.509
1238403,46.433
1239015,46.356
1239627,46.280
1240035,46.229
1240443,46.178
1240851,46.127
1241463,46.051
1241871,45.974
1242483,45.898
1242891,45.847
1243503,45.771
1243911,45.720
1244523,45.643
1244931,45.592
1245339,45.541
1245951,45.465
1246359,45.414
1246767,45.363
1247787,45.236
1248399,45.159
1249419,45.032
1249827,44.981
1250235,44.930
1250847,44.854
1251255,44.803
1251663,44.752
1252275,44.650
1252887,44.573
1253295,44.523
1253703,44.472
1254315,44.395
1254723,44.344
1255335,44.268
1255743,44.217
1256151,44.166
1256559,44.115
1257171,44.039
1257783,43.962
1257987,43.937
1258599,43.860
1259007,43.809
1260231,43.657
1260639,43.606
1261659,43.478
1262067,43.427
1262475,43.351
1262883,43.300
1263728,43.198
1264136,43.147
1264748,43.071
1265768,42.943
1266176,42.892
1266584,42.841
1267196,42.765
1267604,42.714
1268012,42.663
1268420,42.612
1269032,42.536
1269644,42.459
1270256,42.383
1270664,42.332
1271072,42.256
1272092,42.128
1272500,42.077
1272908,42.026
1273520,41.950
1274540,41.823
1275152,41.746
1275356,41.721
1276580,41.568
1276988,41.517
1277396,41.466
1277804,41.415
1278416,41.339
1279844,41.160
1280456,41.084
1280864,41.033
1281476,40.931
1281884,40.880
1282292,40.829
1282904,40.753
1283312,40.702
1283720,40.651
1284128,40.600
1284944,40.498
1285352,40.447
1285964,40.371
1286372,40.320
1286780,40.269
1287188,40.218
1287800,40.142
1288208,40.091
1289228,39.963
1289636,39.912
1290248,39.836
1290860,39.760
1291268,39.683
1292288,39.556
1292696,39.505
1293104,39.454
1293512,39.403
1294124,39.327
1294736,39.250
1295366,39.174
1295774,39.123
1296182,39.072
1296590,39.021
1297202,38.944
1297610,38.894
1298018,38.843
1298630,38.766
1300058,38.588
1300670,38.486
1301078,38.435
1301690,38.359
1302098,38.308
1302506,38.257
1302914,38.206
1304138,38.053
1304546,38.002
1304954,37.951
1305650,37.875
1306058,37.824
1306670,37.722
1307078,37.671
1307690,37.595
1308098,37.544
1308506,37.493
1309526,37.365
1310138,37.289
1311158,37.162
1311566,37.111
1311974,37.060
1312994,36.932
1313402,36.881
1314422,36.754
1315442,36.627
1315863,36.576
1316271,36.499
1317087,36.397
1317495,36.346
1317903,36.296
1318311,36.245
1318923,36.168
1319535,36.092
1319943,36.041
1320351,35.990
1320759,35.939
1321371,35.863
1322391,35.735
1322799,35.684
1323207,35.633
1323844,35.557
1324252,35.506
1324864,35.430
1325272,35.353
1325884,35.277
1326904,35.149
1327312,35.098
1327720,35.047
1328944,34.895
1329352,34.844
1329760,34.793
1330780,34.665
1331188,34.614
1331800,34.538
1332208,34.487
1332616,34.436
1333228,34.360
1333636,34.309
1334248,34.232
1334656,34.181
1335064,34.131
1335676,34.029
1336288,33.952
1337308,33.825
1338328,33.698
1338736,33.647
1339144,33.596
1339552,33.545
1340164,33.468
1340776,33.392
1341184,33.341
1341592,33.290
1342612,33.163
1343020,33.112
1343632,33.035
1344040,32.984
1344448,32.933
1345060,32.857
1345468,32.781
1346489,32.653
1346896,32.602
1348120,32.449
1348528,32.399
1348936,32.348
1349548,32.271
1349956,32.220
1350364,32.169
1350976,32.093
1351384,32.042
1351996,31.966
1352404,31.915
1353016,31.838
1353424,31.787
1353832,31.736
1354444,31.660
1354852,31.609
1355260,31.558
1355668,31.482
1356484,31.380
1356892,31.329
1357300,31.278
1357708,31.227
1358320,31.150
1358728,31.100
1359748,30.972
1360768,30.845
1361176,30.794
1361584,30.743
1362196,30.667
1362604,30.616
1363012,30.565
1363420,30.514
1364644,30.361
1365052,30.310
1365460,30.259
1366480,30.106
1366888,30.055
1367500,29.979
1368520,29.851
1368928,29.801
1369336,29.750
1369948,29.673
1370356,29.622
1370764,29.571
1372396,29.368
1372804,29.317
1373212,29.266
1373620,29.215
1374232,29.138
1374640,29.087
1375048,29.036
1375660,28.960
1376068,28.884
1376680,28.807
1377088,28.756
1377700,28.680
1378108,28.629
1378720,28.552
1378924,28.527
1379536,28.451
1380148,28.374
1380556,28.323
1380964,28.272
1381372,28.221
1381998,28.145
1382610,28.069
1383018,28.018
1383426,27.967
1383834,27.916
1384471,27.814
1385083,27.737
1385491,27.686
1385899,27.636
1386511,27.559
1387123,27.483
1387531,27.432
1387939,27.381
1388347,27.330
1388959,27.253
1389367,27.203
1390387,27.075
1390795,27.024
1391407,26.948
1391815,26.897
1392223,26.846
1392835,26.770
1393243,26.719
1393651,26.668
1394059,26.617
1394671,26.515
1395283,26.438
1395691,26.387
1396099,26.337
1396711,26.260
1397323,26.184
1397527,26.158
1398139,26.082
1399159,25.954
1399567,25.904
1399975,25.853
1400587,25.776
1400995,25.725
1401403,25.674
1401811,25.623
1402423,25.547
1403035,25.471
1403443,25.420
1403851,25.369
1404871,25.216
1405483,25.139
1405891,25.088
1406911,24.961
1407319,24.910
1407727,24.859
1408339,24.783
1409359,24.655
1409767,24.605
1410175,24.554
1410787,24.477
1411195,24.426
1411807,24.350
1412215,24.299
1412623,24.248
1413235,24.172
1413847,24.095
1414255,24.044
1414663,23.993
1415071,23.917
1415683,23.840
1416295,23.764
1416703,23.713
1417111,23.662
1417519,23.611
1418131,23.535
1418539,23.484
1418947,23.433
1419559,23.356
1419967,23.306
1420579,23.229
1420987,23.178
1421395,23.127
1422007,23.051
1422415,23.000
1423435,22.873
1424047,22.796
1424455,22.745
1424863,22.694
1425883,22.541
1426291,22.490
1427311,22.363
1428331,22.236
1428739,22.185
1429147,22.134
1429759,22.057
1430167,22.007
1430575,21.956
1430983,21.905
1431595,21.828
1432207,21.752
1432615,21.701
1433023,21.650
1433635,21.574
1434043,21.523
1434451,21.472
1435063,21.395
1435471,21.319
1436083,21.242
1436491,21.191
1436899,21.141
1437511,21.064
1437919,21.013
1438327,20.962
1439347,20.835
1439959,20.759
1440367,20.708
1440775,20.657
1441183,20.606
1441795,20.529
1442407,20.453
1443835,20.275
1444472,20.173
1444880,20.122
1445492,20.045
1445900,19.994
1446308,19.943
1446920,19.867
1447328,19.816
1447940,19.740
1448144,19.714
1449368,19.561
1449776,19.510
1450184,19.460
1450592,19.409
1451204,19.332
1451816,19.256
1452224,19.205
1452632,19.154
1453040,19.103
1453652,19.027
1454060,18.976
1455080,18.823
1455692,18.746
1456100,18.695
1457120,18.568
1457528,18.517
1457936,18.466
1458344,18.415
1458956,18.339
1459568,18.262
1459976,18.211
1460384,18.161
1460792,18.110
1461404,18.033
1461812,17.982
1462832,17.855
1463240,17.804
1463852,17.728
1464260,17.677
1464668,17.600
1465280,17.524
1465688,17.473
1466096,17.422
1467320,17.269
1467728,17.218
1468136,17.167
1468544,17.116
1469156,17.040
1469564,16.989
1469972,16.938
1470584,16.862
1470992,16.811
1471604,16.734
1472262,16.658
1472466,16.632
1473078,16.530
1473690,16.454
1474098,16.403
1474506,16.352
1474914,16.301
1475526,16.225
1476138,16.148
1476546,16.097
1477566,15.970
1477974,15.919
1478382,15.868
1478994,15.792
1479402,15.741
1480014,15.664
1480422,15.613
1480830,15.563
1481442,15.486
1481850,15.435
1482258,15.384
1482666,15.333
1483278,15.231
1483890,15.155
1484298,15.104
1484706,15.053
1485726,14.926
1486134,14.875
1486746,14.798
1487766,14.671
1488174,14.620
1488582,14.569
1489194,14.493
1489602,14.442
1490010,14.391
1490418,14.340
1491030,14.264
1491642,14.187
1492050,14.136
1492458,14.085
1492866,14.034
1493478,13.932
1493886,13.881
1494294,13.831
1494906,13.754
1495314,13.703
1495926,13.627
1496334,13.576
1496742,13.525
1497354,13.448
1497762,13.398
1498170,13.347
1498782,13.270
1499394,13.194
1499802,13.143
1500210,13.092
1500618,13.041
1501230,12.965
1501638,12.914
1502250,12.837
1502658,12.786
1503066,12.735
1504319,12.557
1504931,12.481
1505135,12.455
1505747,12.379
1506155,12.328
1506767,12.251
1507175,12.200
1507583,12.149
1508195,12.073
1509215,11.946
1510031,11.844
1510643,11.767
1511051,11.716
1511459,11.666
1511867,11.615
1512683,11.487
1513091,11.436
1513499,11.385
1513907,11.334
1514519,11.258
1514927,11.207
1515947,11.080
1516355,11.029
1516967,10.952
1517375,10.901
1517783,10.850
1518395,10.774
1518803,10.723
1519211,10.672
1519619,10.621
1520231,10.545
1520843,10.468
1521251,10.417
1521659,10.367
1522067,10.316
1522679,10.214
1523087,10.163
1523699,10.086
1524107,10.035
1524719,9.959
1525127,9.908
1525535,9.857
1526147,9.781
1526555,9.730
1526963,9.679
1527371,9.628
1527983,9.551
1528391,9.501
1528799,9.450
1529411,9.373
1529819,9.322
1530227,9.271
1530635,9.220
1531043,9.169
1531451,9.118
1532267,9.017
1532675,8.940
1533287,8.864
1533695,8.813
1534103,8.762
1534715,8.685
1535123,8.635
1535531,8.584
1535939,8.533
1536347,8.482
1537367,8.354
1537775,8.303
1538795,8.176
1539203,8.125
1539611,8.074
1540019,8.023
1540631,7.947
1541039,7.896
1541447,7.845
1542059,7.769
1542467,7.718
1542875,7.641
1543487,7.565
1543895,7.514
1544303,7.463
1544915,7.386
1545323,7.336
1545731,7.285
1546139,7.234
1546751,7.157
1547159,7.106
1547567,7.055
1548179,6.979
1548383,6.953
1548995,6.877
1549403,6.826
1549811,6.775
1550831,6.648
1551239,6.597
1551647,6.546
1552259,6.470
1552667,6.419
1553075,6.342
1553687,6.266
1554095,6.215
1554503,6.164
1555115,6.087
1555523,6.037
1555931,5.986
1556339,5.935
1556951,5.858
1557359,5.807
1557767,5.756
1558379,5.680
1558787,5.629
1559195,5.578
1559603,5.527
1560215,5.451
1560623,5.400
1561643,5.272
1562051,5.221
1562459,5.171
1562867,5.120
1563684,4.992
1564092,4.941
1564500,4.890
1564908,4.839
1565520,4.763
1565928,4.712
1566948,4.585
1567356,4.534
1567764,4.483
1568784,4.355
1569192,4.305
1569600,4.254
1570212,4.177
1570620,4.126
1571028,4.075
1571436,4.024
1572048,3.948
1572252,3.922
1572864,3.846
1573272,3.770
1573884,3.693
1574292,3.642
1574700,3.591
1575108,3.540
1575720,3.464
1576128,3.413
1576536,3.362
1577148,3.286
1577556,3.235
1577964,3.184
1578372,3.133
1578984,3.056
1579392,3.006
1579800,2.955
1580412,2.878
1580820,2.827
1581228,2.776
1582248,2.649
1582656,2.598
1583676,2.445
1584084,2.394
1584492,2.343
1585104,2.267
1585512,2.216
1585920,2.165
1586328,2.114
1586736,2.063
1587348,1.987
1587756,1.936
1588164,1.885
1588572,1.834
1589184,1.757
1589592,1.707
1590612,1.579
1591020,1.528
1591428,1.477
1591836,1.426
1592448,1.350
1592856,1.299
1593264,1.248
1593876,1.146
1594284,1.095
1594692,1.044
1595304,0.968
1595712,0.917
1596120,0.866
1596732,0.790
1597140,0.739
1597548,0.688
1598568,0.560
